date,train_id,route_id,section_id,origin_station,destination_station,distance_km,scheduled_section_time_min,actual_section_time_min,current_delay_min,average_speed_kmph,congestion_level,weather_condition,operational_event,dwell_time_min,historical_section_avg_time
2025-01-01,12004,Route_North_1,NDLS-GZB,NDLS,GZB,44,33,32,0,81.2,0.88,Clear,Normal,5,47
2025-01-01,12004,Route_North_1,GZB-ALJN,GZB,ALJN,70,52,52,0,80.3,0.15,Clear,Normal,9,68
2025-01-01,12004,Route_North_1,ALJN-CNB,ALJN,CNB,93,69,63,0,87.9,0.26,Clear,Normal,6,86
2025-01-01,12004,Route_North_1,CNB-LKO,CNB,LKO,123,92,78,0,93.8,0.11,Clear,Normal,2,110
2025-01-01,12301,Route_North_1,NDLS-GZB,NDLS,GZB,44,33,31,16,84.1,0.23,Clear,Normal,5,47
2025-01-01,12301,Route_North_1,GZB-ALJN,GZB,ALJN,70,52,48,14,86.4,0.18,Clear,Normal,7,68
2025-01-01,12301,Route_North_1,ALJN-CNB,ALJN,CNB,93,69,59,10,94.3,0.63,Clear,Normal,4,86
2025-01-01,12301,Route_North_1,CNB-LKO,CNB,LKO,123,92,76,0,96.3,0.51,Clear,Normal,3,110
2025-01-01,14163,Route_North_1,NDLS-GZB,NDLS,GZB,44,33,44,0,59.1,0.5,Clear,Normal,8,47
2025-01-01,14163,Route_North_1,GZB-ALJN,GZB,ALJN,70,52,59,11,70.3,0.26,Clear,Normal,2,68
2025-01-01,14163,Route_North_1,ALJN-CNB,ALJN,CNB,93,69,83,18,66.7,0.38,Clear,Normal,7,86
2025-01-01,14163,Route_North_1,CNB-LKO,CNB,LKO,123,92,105,32,70.1,0.13,Clear,Normal,3,110
2025-01-01,19031,Route_North_1,NDLS-GZB,NDLS,GZB,44,33,72,28,36.6,0.91,Clear,Normal,7,47
2025-01-01,19031,Route_North_1,GZB-ALJN,GZB,ALJN,70,52,91,67,46.0,0.61,Clear,Normal,5,68
2025-01-01,19031,Route_North_1,ALJN-CNB,ALJN,CNB,93,69,110,106,50.5,0.45,Heavy Rain,Normal,3,86
2025-01-01,19031,Route_North_1,CNB-LKO,CNB,LKO,123,92,155,147,47.5,0.97,Clear,Normal,5,110
2025-01-02,12004,Route_North_1,NDLS-GZB,NDLS,GZB,44,33,32,16,81.2,0.8,Clear,Normal,5,47
2025-01-02,12004,Route_North_1,GZB-ALJN,GZB,ALJN,70,52,52,15,80.3,0.28,Clear,Normal,9,68
2025-01-02,12004,Route_North_1,ALJN-CNB,ALJN,CNB,93,69,65,15,85.2,0.17,Clear,Normal,8,86
2025-01-02,12004,Route_North_1,CNB-LKO,CNB,LKO,123,92,81,11,90.4,0.87,Clear,Normal,5,110
2025-01-02,12301,Route_North_1,NDLS-GZB,NDLS,GZB,44,33,35,2,74.6,0.38,Clear,Normal,9,47
2025-01-02,12301,Route_North_1,GZB-ALJN,GZB,ALJN,70,52,45,4,92.1,0.35,Clear,Normal,4,68
2025-01-02,12301,Route_North_1,ALJN-CNB,ALJN,CNB,93,69,57,0,97.6,0.74,Clear,Normal,2,86
2025-01-02,12301,Route_North_1,CNB-LKO,CNB,LKO,123,92,77,0,95.1,0.33,Clear,Normal,4,110
2025-01-02,14163,Route_North_1,NDLS-GZB,NDLS,GZB,44,33,44,0,59.1,0.13,Heavy Rain,Normal,8,47
2025-01-02,14163,Route_North_1,GZB-ALJN,GZB,ALJN,70,52,67,11,62.0,0.73,Clear,Normal,6,68
2025-01-02,14163,Route_North_1,ALJN-CNB,ALJN,CNB,93,69,86,26,64.4,0.78,Clear,Normal,5,86
2025-01-02,14163,Route_North_1,CNB-LKO,CNB,LKO,123,92,111,43,66.4,0.73,Clear,Normal,5,110
2025-01-02,19031,Route_North_1,NDLS-GZB,NDLS,GZB,44,33,67,26,39.3,0.67,Clear,Normal,7,47
2025-01-02,19031,Route_North_1,GZB-ALJN,GZB,ALJN,70,52,90,60,46.5,0.47,Clear,Normal,7,68
2025-01-02,19031,Route_North_1,ALJN-CNB,ALJN,CNB,93,69,124,98,44.8,0.91,Clear,Normal,8,86
2025-01-02,19031,Route_North_1,CNB-LKO,CNB,LKO,123,92,146,153,50.4,0.68,Clear,Normal,2,110
2025-01-03,12004,Route_North_1,NDLS-GZB,NDLS,GZB,44,33,41,0,63.6,0.21,Light Fog,Normal,9,47
2025-01-03,12004,Route_North_1,GZB-ALJN,GZB,ALJN,70,52,53,8,78.8,0.39,Light Fog,Normal,5,68
2025-01-03,12004,Route_North_1,ALJN-CNB,ALJN,CNB,93,69,90,9,61.7,0.97,Light Fog,Normal,5,86
2025-01-03,12004,Route_North_1,CNB-LKO,CNB,LKO,123,92,99,30,74.0,0.55,Light Fog,Normal,6,110
2025-01-03,12301,Route_North_1,NDLS-GZB,NDLS,GZB,44,33,37,16,70.6,0.13,Light Fog,Normal,3,47
2025-01-03,12301,Route_North_1,GZB-ALJN,GZB,ALJN,70,52,50,20,83.0,0.15,Light Fog,Normal,9,68
2025-01-03,12301,Route_North_1,ALJN-CNB,ALJN,CNB,93,69,61,18,91.2,0.32,Light Fog,Normal,6,86
2025-01-03,12301,Route_North_1,CNB-LKO,CNB,LKO,123,92,93,10,78.8,0.99,Light Fog,Normal,8,110
2025-01-03,14163,Route_North_1,NDLS-GZB,NDLS,GZB,44,33,66,0,39.6,0.43,Light Fog,Normal,3,47
2025-01-03,14163,Route_North_1,GZB-ALJN,GZB,ALJN,70,52,92,33,45.3,0.58,Light Fog,Normal,9,68
2025-01-03,14163,Route_North_1,ALJN-CNB,ALJN,CNB,93,69,97,73,57.1,0.39,Light Fog,Normal,9,86
2025-01-03,14163,Route_North_1,CNB-LKO,CNB,LKO,123,92,121,101,60.9,0.63,Light Fog,Normal,4,110
2025-01-03,19031,Route_North_1,NDLS-GZB,NDLS,GZB,44,33,101,25,26.1,0.83,Light Fog,Normal,9,47
2025-01-03,19031,Route_North_1,GZB-ALJN,GZB,ALJN,70,52,119,93,35.2,0.95,Light Fog,Normal,9,68
2025-01-03,19031,Route_North_1,ALJN-CNB,ALJN,CNB,93,69,140,160,39.7,0.85,Light Fog,Normal,5,86
2025-01-03,19031,Route_North_1,CNB-LKO,CNB,LKO,123,92,159,231,46.3,0.29,Light Fog,Normal,4,110
2025-01-04,12004,Route_North_1,NDLS-GZB,NDLS,GZB,44,33,36,0,72.3,0.6,Clear,Normal,9,47
2025-01-04,12004,Route_North_1,GZB-ALJN,GZB,ALJN,70,52,52,3,80.3,0.41,Clear,Normal,9,68
2025-01-04,12004,Route_North_1,ALJN-CNB,ALJN,CNB,93,69,59,3,93.8,0.46,Clear,Normal,2,86
2025-01-04,12004,Route_North_1,CNB-LKO,CNB,LKO,123,92,83,0,88.2,0.25,Clear,Normal,7,110
2025-01-04,12301,Route_North_1,NDLS-GZB,NDLS,GZB,44,33,28,12,93.0,0.44,Clear,Normal,2,47
2025-01-04,12301,Route_North_1,GZB-ALJN,GZB,ALJN,70,52,134,7,31.2,0.59,Clear,Loco Issue,4,68
2025-01-04,12301,Route_North_1,ALJN-CNB,ALJN,CNB,93,69,57,89,97.6,0.74,Clear,Normal,2,86
2025-01-04,12301,Route_North_1,CNB-LKO,CNB,LKO,123,92,82,77,89.3,0.43,Clear,Normal,9,110
2025-01-04,14163,Route_North_1,NDLS-GZB,NDLS,GZB,44,33,44,18,59.1,0.43,Clear,Normal,8,47
2025-01-04,14163,Route_North_1,GZB-ALJN,GZB,ALJN,70,52,70,29,59.3,0.98,Clear,Normal,4,68
2025-01-04,14163,Route_North_1,ALJN-CNB,ALJN,CNB,93,69,89,47,62.2,0.82,Clear,Normal,7,86
2025-01-04,14163,Route_North_1,CNB-LKO,CNB,LKO,123,92,114,67,64.6,0.88,Clear,Normal,5,110
2025-01-04,19031,Route_North_1,NDLS-GZB,NDLS,GZB,44,33,51,28,51.6,0.12,Clear,Normal,2,47
2025-01-04,19031,Route_North_1,GZB-ALJN,GZB,ALJN,70,52,91,46,46.0,0.52,Heavy Rain,Normal,7,68
2025-01-04,19031,Route_North_1,ALJN-CNB,ALJN,CNB,93,69,109,85,50.9,0.11,Clear,Normal,9,86
2025-01-04,19031,Route_North_1,CNB-LKO,CNB,LKO,123,92,148,125,49.7,0.62,Clear,Normal,5,110
2025-01-05,12004,Route_North_1,NDLS-GZB,NDLS,GZB,44,33,43,0,60.7,0.39,Light Fog,Normal,2,47
2025-01-05,12004,Route_North_1,GZB-ALJN,GZB,ALJN,70,52,61,10,68.5,0.86,Light Fog,Normal,9,68
2025-01-05,12004,Route_North_1,ALJN-CNB,ALJN,CNB,93,69,73,19,75.9,0.29,Light Fog,Normal,7,86
2025-01-05,12004,Route_North_1,CNB-LKO,CNB,LKO,123,92,84,23,87.2,0.33,Light Fog,Normal,3,110
2025-01-05,12301,Route_North_1,NDLS-GZB,NDLS,GZB,44,33,45,0,58.1,0.86,Light Fog,Normal,4,47
2025-01-05,12301,Route_North_1,GZB-ALJN,GZB,ALJN,70,52,60,12,69.3,0.6,Light Fog,Normal,8,68
2025-01-05,12301,Route_North_1,ALJN-CNB,ALJN,CNB,93,69,68,20,81.8,0.33,Light Fog,Normal,5,86
2025-01-05,12301,Route_North_1,CNB-LKO,CNB,LKO,123,92,91,19,80.6,0.55,Light Fog,Normal,5,110
2025-01-05,14163,Route_North_1,NDLS-GZB,NDLS,GZB,44,33,73,36,35.8,0.9,Light Fog,Normal,5,47
2025-01-05,14163,Route_North_1,GZB-ALJN,GZB,ALJN,70,52,86,76,48.4,0.49,Light Fog,Normal,2,68
2025-01-05,14163,Route_North_1,ALJN-CNB,ALJN,CNB,93,69,116,110,47.8,0.98,Light Fog,Normal,5,86
2025-01-05,14163,Route_North_1,CNB-LKO,CNB,LKO,123,92,124,157,59.4,0.37,Light Fog,Normal,5,110
2025-01-05,19031,Route_North_1,NDLS-GZB,NDLS,GZB,44,33,90,29,29.3,0.85,Light Fog,Normal,5,47
2025-01-05,19031,Route_North_1,GZB-ALJN,GZB,ALJN,70,52,108,86,38.8,0.18,Light Fog,Normal,9,68
2025-01-05,19031,Route_North_1,ALJN-CNB,ALJN,CNB,93,69,131,142,42.4,0.59,Light Fog,Normal,5,86
2025-01-05,19031,Route_North_1,CNB-LKO,CNB,LKO,123,92,176,204,41.8,0.97,Light Fog,Normal,7,110
2025-01-06,12004,Route_North_1,NDLS-GZB,NDLS,GZB,44,33,34,0,76.5,0.27,Clear,Normal,7,47
2025-01-06,12004,Route_North_1,GZB-ALJN,GZB,ALJN,70,52,46,1,90.6,0.47,Clear,Normal,3,68
2025-01-06,12004,Route_North_1,ALJN-CNB,ALJN,CNB,93,69,64,0,86.5,0.32,Clear,Normal,7,86
2025-01-06,12004,Route_North_1,CNB-LKO,CNB,LKO,123,92,85,0,86.1,0.35,Clear,Normal,9,110
2025-01-06,12301,Route_North_1,NDLS-GZB,NDLS,GZB,44,33,32,0,81.5,0.49,Clear,Normal,6,47
2025-01-06,12301,Route_North_1,GZB-ALJN,GZB,ALJN,70,52,47,0,88.2,0.42,Clear,Normal,6,68
2025-01-06,12301,Route_North_1,ALJN-CNB,ALJN,CNB,93,69,63,0,88.3,0.18,Clear,Normal,8,86
2025-01-06,12301,Route_North_1,CNB-LKO,CNB,LKO,123,92,78,0,93.9,0.73,Heavy Rain,Normal,5,110
2025-01-06,14163,Route_North_1,NDLS-GZB,NDLS,GZB,44,33,43,0,60.5,0.14,Clear,Normal,7,47
2025-01-06,14163,Route_North_1,GZB-ALJN,GZB,ALJN,70,52,60,10,69.1,0.44,Clear,Normal,3,68
2025-01-06,14163,Route_North_1,ALJN-CNB,ALJN,CNB,93,69,83,18,66.7,0.59,Clear,Normal,6,86
2025-01-06,14163,Route_North_1,CNB-LKO,CNB,LKO,123,92,107,32,68.8,0.68,Clear,Normal,2,110
2025-01-06,19031,Route_North_1,NDLS-GZB,NDLS,GZB,44,33,68,31,38.7,0.82,Clear,Normal,5,47
2025-01-06,19031,Route_North_1,GZB-ALJN,GZB,ALJN,70,52,88,66,47.6,0.51,Clear,Normal,4,68
2025-01-06,19031,Route_North_1,ALJN-CNB,ALJN,CNB,93,69,123,102,45.2,0.84,Clear,Normal,9,86
2025-01-06,19031,Route_North_1,CNB-LKO,CNB,LKO,123,92,142,156,51.8,0.16,Clear,Normal,8,110
2025-01-07,12004,Route_North_1,NDLS-GZB,NDLS,GZB,44,33,30,12,86.6,0.45,Clear,Normal,3,47
2025-01-07,12004,Route_North_1,GZB-ALJN,GZB,ALJN,70,52,48,9,86.9,0.35,Heavy Rain,Normal,5,68
2025-01-07,12004,Route_North_1,ALJN-CNB,ALJN,CNB,93,69,66,5,83.9,0.94,Clear,Normal,9,86
2025-01-07,12004,Route_North_1,CNB-LKO,CNB,LKO,123,92,79,2,92.6,0.35,Clear,Normal,3,110
2025-01-07,12301,Route_North_1,NDLS-GZB,NDLS,GZB,44,33,30,1,86.8,0.62,Clear,Normal,4,47
2025-01-07,12301,Route_North_1,GZB-ALJN,GZB,ALJN,70,52,50,0,83.0,0.8,Clear,Normal,9,68
2025-01-07,12301,Route_North_1,ALJN-CNB,ALJN,CNB,93,69,63,0,88.3,0.31,Clear,Normal,8,86
2025-01-07,12301,Route_North_1,CNB-LKO,CNB,LKO,123,92,75,0,97.6,0.19,Clear,Normal,2,110
2025-01-07,14163,Route_North_1,NDLS-GZB,NDLS,GZB,44,33,41,3,63.4,0.19,Clear,Normal,5,47
2025-01-07,14163,Route_North_1,GZB-ALJN,GZB,ALJN,70,52,65,11,63.9,0.18,Heavy Rain,Normal,8,68
2025-01-07,14163,Route_North_1,ALJN-CNB,ALJN,CNB,93,69,79,24,70.0,0.53,Clear,Normal,3,86
2025-01-07,14163,Route_North_1,CNB-LKO,CNB,LKO,123,92,104,34,70.8,0.36,Clear,Normal,2,110
2025-01-07,19031,Route_North_1,NDLS-GZB,NDLS,GZB,44,33,75,75,35.1,0.95,Clear,Normal,9,47
2025-01-07,19031,Route_North_1,GZB-ALJN,GZB,ALJN,70,52,92,117,45.5,0.54,Clear,Normal,8,68
2025-01-07,19031,Route_North_1,ALJN-CNB,ALJN,CNB,93,69,119,157,46.7,0.76,Clear,Normal,6,86
2025-01-07,19031,Route_North_1,CNB-LKO,CNB,LKO,123,92,138,207,53.3,0.23,Clear,Normal,3,110
2025-01-08,12004,Route_North_1,NDLS-GZB,NDLS,GZB,44,33,34,11,76.5,0.3,Light Fog,Normal,3,47
2025-01-08,12004,Route_North_1,GZB-ALJN,GZB,ALJN,70,52,50,12,83.4,0.23,Light Fog,Normal,7,68
2025-01-08,12004,Route_North_1,ALJN-CNB,ALJN,CNB,93,69,64,10,86.5,0.44,Light Fog,Normal,7,86
2025-01-08,12004,Route_North_1,CNB-LKO,CNB,LKO,123,92,102,5,71.9,0.95,Light Fog,Normal,5,110
2025-01-08,12301,Route_North_1,NDLS-GZB,NDLS,GZB,44,33,54,11,48.5,0.74,Light Fog,Normal,6,47
2025-01-08,12301,Route_North_1,GZB-ALJN,GZB,ALJN,70,52,57,32,72.9,0.73,Light Fog,Normal,3,68
2025-01-08,12301,Route_North_1,ALJN-CNB,ALJN,CNB,93,69,72,37,77.3,0.49,Light Fog,Normal,6,86
2025-01-08,12301,Route_North_1,CNB-LKO,CNB,LKO,123,92,99,40,74.1,0.61,Light Fog,Normal,5,110
2025-01-08,14163,Route_North_1,NDLS-GZB,NDLS,GZB,44,33,68,22,38.4,0.71,Light Fog,Normal,2,47
2025-01-08,14163,Route_North_1,GZB-ALJN,GZB,ALJN,70,52,71,57,58.5,0.3,Light Fog,Normal,3,68
2025-01-08,14163,Route_North_1,ALJN-CNB,ALJN,CNB,93,69,115,76,48.2,0.97,Light Fog,Normal,6,86
2025-01-08,14163,Route_North_1,CNB-LKO,CNB,LKO,123,92,129,122,57.1,0.93,Light Fog,Normal,5,110
2025-01-08,19031,Route_North_1,NDLS-GZB,NDLS,GZB,44,33,101,20,26.1,0.97,Light Fog,Normal,8,47
2025-01-08,19031,Route_North_1,GZB-ALJN,GZB,ALJN,70,52,104,88,40.3,0.73,Light Fog,Normal,6,68
2025-01-08,19031,Route_North_1,ALJN-CNB,ALJN,CNB,93,69,132,140,42.1,0.45,Light Fog,Normal,5,86
2025-01-08,19031,Route_North_1,CNB-LKO,CNB,LKO,123,92,154,203,47.8,0.15,Light Fog,Normal,5,110
2025-01-09,12004,Route_North_1,NDLS-GZB,NDLS,GZB,44,33,32,0,81.2,0.31,Clear,Normal,5,47
2025-01-09,12004,Route_North_1,GZB-ALJN,GZB,ALJN,70,52,50,0,83.4,0.99,Clear,Normal,7,68
2025-01-09,12004,Route_North_1,ALJN-CNB,ALJN,CNB,93,69,63,0,87.9,0.47,Heavy Rain,Normal,6,86
2025-01-09,12004,Route_North_1,CNB-LKO,CNB,LKO,123,92,82,0,89.3,0.92,Clear,Normal,6,110
2025-01-09,12301,Route_North_1,NDLS-GZB,NDLS,GZB,44,33,28,0,93.0,0.62,Clear,Normal,2,47
2025-01-09,12301,Route_North_1,GZB-ALJN,GZB,ALJN,70,52,47,0,88.2,0.88,Clear,Normal,6,68
2025-01-09,12301,Route_North_1,ALJN-CNB,ALJN,CNB,93,69,58,0,95.9,0.8,Clear,Normal,3,86
2025-01-09,12301,Route_North_1,CNB-LKO,CNB,LKO,123,92,81,0,90.4,0.63,Clear,Normal,8,110
2025-01-09,14163,Route_North_1,NDLS-GZB,NDLS,GZB,44,33,44,33,59.1,0.13,Clear,Normal,8,47
2025-01-09,14163,Route_North_1,GZB-ALJN,GZB,ALJN,70,52,66,44,62.9,0.88,Clear,Normal,2,68
2025-01-09,14163,Route_North_1,ALJN-CNB,ALJN,CNB,93,69,92,58,60.2,0.92,Clear,Normal,8,86
2025-01-09,14163,Route_North_1,CNB-LKO,CNB,LKO,123,92,111,81,66.4,0.86,Clear,Normal,2,110
2025-01-09,19031,Route_North_1,NDLS-GZB,NDLS,GZB,44,33,59,2,44.6,0.33,Clear,Normal,6,47
2025-01-09,19031,Route_North_1,GZB-ALJN,GZB,ALJN,70,52,97,28,43.2,0.7,Clear,Normal,9,68
2025-01-09,19031,Route_North_1,ALJN-CNB,ALJN,CNB,93,69,103,73,53.9,0.12,Heavy Rain,Normal,3,86
2025-01-09,19031,Route_North_1,CNB-LKO,CNB,LKO,123,92,147,107,50.1,0.57,Clear,Normal,5,110
2025-01-10,12004,Route_North_1,NDLS-GZB,NDLS,GZB,44,33,36,18,72.3,0.48,Light Fog,Normal,6,47
2025-01-10,12004,Route_North_1,GZB-ALJN,GZB,ALJN,70,52,62,21,67.4,0.82,Light Fog,Normal,7,68
2025-01-10,12004,Route_North_1,ALJN-CNB,ALJN,CNB,93,69,86,31,64.5,0.98,Light Fog,Normal,3,86
2025-01-10,12004,Route_North_1,CNB-LKO,CNB,LKO,123,92,104,48,70.5,0.6,Light Fog,Normal,8,110
2025-01-10,12301,Route_North_1,NDLS-GZB,NDLS,GZB,44,33,36,36,72.5,0.59,Light Fog,Normal,9,47
2025-01-10,12301,Route_North_1,GZB-ALJN,GZB,ALJN,70,52,51,39,81.4,0.37,Light Fog,Normal,4,68
2025-01-10,12301,Route_North_1,ALJN-CNB,ALJN,CNB,93,69,79,38,70.5,0.82,Light Fog,Normal,9,86
2025-01-10,12301,Route_North_1,CNB-LKO,CNB,LKO,123,92,106,48,69.2,0.79,Light Fog,Normal,9,110
2025-01-10,14163,Route_North_1,NDLS-GZB,NDLS,GZB,44,33,60,12,43.5,0.29,Light Fog,Normal,9,47
2025-01-10,14163,Route_North_1,GZB-ALJN,GZB,ALJN,70,52,91,39,45.8,0.58,Light Fog,Normal,8,68
2025-01-10,14163,Route_North_1,ALJN-CNB,ALJN,CNB,93,69,102,78,54.4,0.73,Light Fog,Normal,9,86
2025-01-10,14163,Route_North_1,CNB-LKO,CNB,LKO,123,92,117,111,63.0,0.47,Light Fog,Normal,4,110
2025-01-10,19031,Route_North_1,NDLS-GZB,NDLS,GZB,44,33,84,0,31.4,0.26,Light Fog,Normal,4,47
2025-01-10,19031,Route_North_1,GZB-ALJN,GZB,ALJN,70,52,107,51,39.1,0.41,Light Fog,Normal,6,68
2025-01-10,19031,Route_North_1,ALJN-CNB,ALJN,CNB,93,69,125,106,44.4,0.59,Light Fog,Normal,2,86
2025-01-10,19031,Route_North_1,CNB-LKO,CNB,LKO,123,92,182,162,40.5,0.9,Light Fog,Normal,7,110
2025-01-11,12004,Route_North_1,NDLS-GZB,NDLS,GZB,44,33,31,0,83.8,0.56,Clear,Normal,4,47
2025-01-11,12004,Route_North_1,GZB-ALJN,GZB,ALJN,70,52,45,0,92.6,0.35,Clear,Normal,2,68
2025-01-11,12004,Route_North_1,ALJN-CNB,ALJN,CNB,93,69,65,0,85.2,0.99,Clear,Normal,8,86
2025-01-11,12004,Route_North_1,CNB-LKO,CNB,LKO,123,92,84,0,87.2,0.66,Clear,Normal,8,110
2025-01-11,12301,Route_North_1,NDLS-GZB,NDLS,GZB,44,33,30,4,86.8,0.16,Clear,Normal,4,47
2025-01-11,12301,Route_North_1,GZB-ALJN,GZB,ALJN,70,52,48,1,86.4,0.91,Clear,Normal,7,68
2025-01-11,12301,Route_North_1,ALJN-CNB,ALJN,CNB,93,69,62,0,89.7,0.88,Clear,Normal,7,86
2025-01-11,12301,Route_North_1,CNB-LKO,CNB,LKO,123,92,79,0,92.7,0.34,Clear,Normal,6,110
2025-01-11,14163,Route_North_1,NDLS-GZB,NDLS,GZB,44,33,39,15,66.6,0.58,Clear,Normal,2,47
2025-01-11,14163,Route_North_1,GZB-ALJN,GZB,ALJN,70,52,65,21,63.9,0.71,Clear,Normal,4,68
2025-01-11,14163,Route_North_1,ALJN-CNB,ALJN,CNB,93,69,85,34,65.1,0.63,Clear,Normal,7,86
2025-01-11,14163,Route_North_1,CNB-LKO,CNB,LKO,123,92,106,50,69.5,0.49,Clear,Normal,4,110
2025-01-11,19031,Route_North_1,NDLS-GZB,NDLS,GZB,44,33,74,0,35.6,0.91,Clear,Normal,9,47
2025-01-11,19031,Route_North_1,GZB-ALJN,GZB,ALJN,70,52,99,41,42.3,0.99,Clear,Normal,6,68
2025-01-11,19031,Route_North_1,ALJN-CNB,ALJN,CNB,93,69,263,88,21.2,0.24,Clear,Signal Failure,5,86
2025-01-11,19031,Route_North_1,CNB-LKO,CNB,LKO,123,92,156,282,47.2,0.83,Clear,Normal,9,110
2025-01-12,12004,Route_North_1,NDLS-GZB,NDLS,GZB,44,33,44,10,59.3,0.98,Light Fog,Normal,3,47
2025-01-12,12004,Route_North_1,GZB-ALJN,GZB,ALJN,70,52,72,21,58.1,0.93,Light Fog,Normal,7,68
2025-01-12,12004,Route_North_1,ALJN-CNB,ALJN,CNB,93,69,66,41,83.9,0.54,Light Fog,Normal,4,86
2025-01-12,12004,Route_North_1,CNB-LKO,CNB,LKO,123,92,100,38,73.3,0.75,Light Fog,Normal,9,110
2025-01-12,12301,Route_North_1,NDLS-GZB,NDLS,GZB,44,33,44,0,59.5,0.85,Light Fog,Normal,7,47
2025-01-12,12301,Route_North_1,GZB-ALJN,GZB,ALJN,70,52,66,11,63.1,0.74,Light Fog,Normal,2,68
2025-01-12,12301,Route_North_1,ALJN-CNB,ALJN,CNB,93,69,59,25,94.3,0.58,Light Fog,Normal,3,86
2025-01-12,12301,Route_North_1,CNB-LKO,CNB,LKO,123,92,84,15,87.2,0.18,Light Fog,Normal,8,110
2025-01-12,14163,Route_North_1,NDLS-GZB,NDLS,GZB,44,33,59,65,44.2,0.4,Light Fog,Normal,6,47
2025-01-12,14163,Route_North_1,GZB-ALJN,GZB,ALJN,70,52,97,91,43.0,0.99,Light Fog,Normal,9,68
2025-01-12,14163,Route_North_1,ALJN-CNB,ALJN,CNB,93,69,88,136,62.9,0.33,Light Fog,Normal,2,86
2025-01-12,14163,Route_North_1,CNB-LKO,CNB,LKO,123,92,127,155,58.0,0.64,Light Fog,Normal,8,110
2025-01-12,19031,Route_North_1,NDLS-GZB,NDLS,GZB,44,33,72,0,36.6,0.2,Light Fog,Normal,7,47
2025-01-12,19031,Route_North_1,GZB-ALJN,GZB,ALJN,70,52,105,39,39.9,0.47,Light Fog,Normal,2,68
2025-01-12,19031,Route_North_1,ALJN-CNB,ALJN,CNB,93,69,125,92,44.4,0.44,Light Fog,Normal,9,86
2025-01-12,19031,Route_North_1,CNB-LKO,CNB,LKO,123,92,154,148,47.8,0.14,Light Fog,Normal,4,110
2025-01-13,12004,Route_North_1,NDLS-GZB,NDLS,GZB,44,33,49,0,53.3,0.83,Light Fog,Normal,3,47
2025-01-13,12004,Route_North_1,GZB-ALJN,GZB,ALJN,70,52,51,16,81.8,0.38,Light Fog,Normal,2,68
2025-01-13,12004,Route_North_1,ALJN-CNB,ALJN,CNB,93,69,71,15,78.0,0.51,Light Fog,Normal,7,86
2025-01-13,12004,Route_North_1,CNB-LKO,CNB,LKO,123,92,87,17,84.2,0.66,Light Fog,Normal,8,110
2025-01-13,12301,Route_North_1,NDLS-GZB,NDLS,GZB,44,33,46,1,56.9,0.62,Light Fog,Normal,2,47
2025-01-13,12301,Route_North_1,GZB-ALJN,GZB,ALJN,70,52,58,14,71.7,0.58,Light Fog,Normal,9,68
2025-01-13,12301,Route_North_1,ALJN-CNB,ALJN,CNB,93,69,59,20,94.3,0.21,Light Fog,Normal,4,86
2025-01-13,12301,Route_North_1,CNB-LKO,CNB,LKO,123,92,98,10,74.8,0.4,Light Fog,Normal,8,110
2025-01-13,14163,Route_North_1,NDLS-GZB,NDLS,GZB,44,33,55,9,47.4,0.62,Light Fog,Normal,2,47
2025-01-13,14163,Route_North_1,GZB-ALJN,GZB,ALJN,70,52,70,31,59.3,0.32,Light Fog,Normal,7,68
2025-01-13,14163,Route_North_1,ALJN-CNB,ALJN,CNB,93,69,98,49,56.6,0.74,Light Fog,Normal,4,86
2025-01-13,14163,Route_North_1,CNB-LKO,CNB,LKO,123,92,125,78,58.9,0.19,Light Fog,Normal,8,110
2025-01-13,19031,Route_North_1,NDLS-GZB,NDLS,GZB,44,33,95,31,27.7,0.51,Light Fog,Normal,9,47
2025-01-13,19031,Route_North_1,GZB-ALJN,GZB,ALJN,70,52,114,93,36.8,0.59,Light Fog,Normal,5,68
2025-01-13,19031,Route_North_1,ALJN-CNB,ALJN,CNB,93,69,145,155,38.3,0.75,Light Fog,Normal,4,86
2025-01-13,19031,Route_North_1,CNB-LKO,CNB,LKO,123,92,164,231,44.9,0.74,Light Fog,Normal,5,110
2025-01-14,12004,Route_North_1,NDLS-GZB,NDLS,GZB,44,33,32,13,81.2,0.95,Clear,Normal,5,47
2025-01-14,12004,Route_North_1,GZB-ALJN,GZB,ALJN,70,52,45,12,92.6,0.19,Clear,Normal,2,68
2025-01-14,12004,Route_North_1,ALJN-CNB,ALJN,CNB,93,69,62,5,89.3,0.94,Heavy Rain,Normal,5,86
2025-01-14,12004,Route_North_1,CNB-LKO,CNB,LKO,123,92,84,0,87.2,0.12,Clear,Normal,8,110
2025-01-14,12301,Route_North_1,NDLS-GZB,NDLS,GZB,44,33,33,26,79.0,0.65,Clear,Normal,7,47
2025-01-14,12301,Route_North_1,GZB-ALJN,GZB,ALJN,70,52,45,26,92.1,0.86,Clear,Normal,4,68
2025-01-14,12301,Route_North_1,ALJN-CNB,ALJN,CNB,93,69,62,19,89.7,0.99,Clear,Normal,7,86
2025-01-14,12301,Route_North_1,CNB-LKO,CNB,LKO,123,92,80,12,91.6,0.4,Clear,Normal,7,110
2025-01-14,14163,Route_North_1,NDLS-GZB,NDLS,GZB,44,33,41,60,63.4,0.4,Clear,Normal,5,47
2025-01-14,14163,Route_North_1,GZB-ALJN,GZB,ALJN,70,52,62,68,66.9,0.2,Clear,Normal,5,68
2025-01-14,14163,Route_North_1,ALJN-CNB,ALJN,CNB,93,69,79,78,70.0,0.41,Clear,Normal,3,86
2025-01-14,14163,Route_North_1,CNB-LKO,CNB,LKO,123,92,108,88,68.2,0.63,Clear,Normal,4,110
2025-01-14,19031,Route_North_1,NDLS-GZB,NDLS,GZB,44,33,60,20,43.9,0.26,Clear,Normal,8,47
2025-01-14,19031,Route_North_1,GZB-ALJN,GZB,ALJN,70,52,87,47,48.1,0.38,Clear,Normal,6,68
2025-01-14,19031,Route_North_1,ALJN-CNB,ALJN,CNB,93,69,106,82,52.4,0.11,Clear,Normal,6,86
2025-01-14,19031,Route_North_1,CNB-LKO,CNB,LKO,123,92,146,119,50.4,0.51,Clear,Normal,5,110
2025-01-15,12004,Route_North_1,NDLS-GZB,NDLS,GZB,44,33,31,61,83.8,0.29,Clear,Normal,4,47
2025-01-15,12004,Route_North_1,GZB-ALJN,GZB,ALJN,70,52,49,59,85.1,0.66,Clear,Normal,6,68
2025-01-15,12004,Route_North_1,ALJN-CNB,ALJN,CNB,93,69,64,56,86.5,0.16,Clear,Normal,7,86
2025-01-15,12004,Route_North_1,CNB-LKO,CNB,LKO,123,92,78,51,93.8,0.58,Clear,Normal,2,110
2025-01-15,12301,Route_North_1,NDLS-GZB,NDLS,GZB,44,33,28,11,93.0,0.24,Clear,Normal,2,47
2025-01-15,12301,Route_North_1,GZB-ALJN,GZB,ALJN,70,52,44,6,94.2,0.78,Clear,Normal,3,68
2025-01-15,12301,Route_North_1,ALJN-CNB,ALJN,CNB,93,69,63,0,88.3,0.47,Clear,Normal,8,86
2025-01-15,12301,Route_North_1,CNB-LKO,CNB,LKO,123,92,82,0,89.3,0.88,Clear,Normal,9,110
2025-01-15,14163,Route_North_1,NDLS-GZB,NDLS,GZB,44,33,46,24,56.6,0.82,Heavy Rain,Normal,4,47
2025-01-15,14163,Route_North_1,GZB-ALJN,GZB,ALJN,70,52,66,37,62.9,0.75,Clear,Normal,4,68
2025-01-15,14163,Route_North_1,ALJN-CNB,ALJN,CNB,93,69,87,51,63.7,0.87,Clear,Normal,4,86
2025-01-15,14163,Route_North_1,CNB-LKO,CNB,LKO,123,92,109,69,67.6,0.23,Clear,Normal,7,110
2025-01-15,19031,Route_North_1,NDLS-GZB,NDLS,GZB,44,33,57,0,46.2,0.11,Clear,Normal,8,47
2025-01-15,19031,Route_North_1,GZB-ALJN,GZB,ALJN,70,52,82,24,51.0,0.21,Clear,Normal,4,68
2025-01-15,19031,Route_North_1,ALJN-CNB,ALJN,CNB,93,69,124,54,44.8,0.9,Clear,Normal,8,86
2025-01-15,19031,Route_North_1,CNB-LKO,CNB,LKO,123,92,151,109,48.7,0.84,Clear,Normal,4,110
2025-01-16,12004,Route_North_1,NDLS-GZB,NDLS,GZB,44,33,32,25,81.2,0.49,Clear,Normal,5,47
2025-01-16,12004,Route_North_1,GZB-ALJN,GZB,ALJN,70,52,45,24,92.6,0.8,Clear,Normal,2,68
2025-01-16,12004,Route_North_1,ALJN-CNB,ALJN,CNB,93,69,66,17,83.9,0.91,Clear,Normal,9,86
2025-01-16,12004,Route_North_1,CNB-LKO,CNB,LKO,123,92,78,14,93.8,0.56,Clear,Normal,2,110
2025-01-16,12301,Route_North_1,NDLS-GZB,NDLS,GZB,44,33,33,0,79.0,0.33,Clear,Normal,7,47
2025-01-16,12301,Route_North_1,GZB-ALJN,GZB,ALJN,70,52,47,0,88.2,0.22,Clear,Normal,6,68
2025-01-16,12301,Route_North_1,ALJN-CNB,ALJN,CNB,93,69,58,0,95.9,0.12,Clear,Normal,3,86
2025-01-16,12301,Route_North_1,CNB-LKO,CNB,LKO,123,92,76,0,96.3,0.55,Clear,Normal,3,110
2025-01-16,14163,Route_North_1,NDLS-GZB,NDLS,GZB,44,33,42,50,61.9,0.11,Clear,Normal,6,47
2025-01-16,14163,Route_North_1,GZB-ALJN,GZB,ALJN,70,52,65,59,63.9,0.76,Clear,Normal,3,68
2025-01-16,14163,Route_North_1,ALJN-CNB,ALJN,CNB,93,69,82,72,67.5,0.26,Clear,Normal,6,86
2025-01-16,14163,Route_North_1,CNB-LKO,CNB,LKO,123,92,114,85,64.6,0.79,Clear,Normal,7,110
2025-01-16,19031,Route_North_1,NDLS-GZB,NDLS,GZB,44,33,66,24,39.9,0.76,Heavy Rain,Normal,4,47
2025-01-16,19031,Route_North_1,GZB-ALJN,GZB,ALJN,70,52,81,57,51.7,0.16,Clear,Normal,4,68
2025-01-16,19031,Route_North_1,ALJN-CNB,ALJN,CNB,93,69,121,86,45.9,0.75,Clear,Normal,8,86
2025-01-16,19031,Route_North_1,CNB-LKO,CNB,LKO,123,92,149,138,49.4,0.46,Clear,Normal,9,110
2025-01-17,12004,Route_North_1,NDLS-GZB,NDLS,GZB,44,33,82,0,32.0,0.34,Dense Fog,Normal,5,47
2025-01-17,12004,Route_North_1,GZB-ALJN,GZB,ALJN,70,52,112,49,37.4,0.55,Dense Fog,Normal,4,68
2025-01-17,12004,Route_North_1,ALJN-CNB,ALJN,CNB,93,69,136,109,40.9,0.79,Dense Fog,Normal,2,86
2025-01-17,12004,Route_North_1,CNB-LKO,CNB,LKO,123,92,131,176,56.1,0.76,Dense Fog,Normal,6,110
2025-01-17,12301,Route_North_1,NDLS-GZB,NDLS,GZB,44,33,87,24,30.2,0.49,Dense Fog,Normal,4,47
2025-01-17,12301,Route_North_1,GZB-ALJN,GZB,ALJN,70,52,114,78,36.6,0.82,Dense Fog,Normal,4,68
2025-01-17,12301,Route_North_1,ALJN-CNB,ALJN,CNB,93,69,101,140,55.1,0.63,Dense Fog,Normal,6,86
2025-01-17,12301,Route_North_1,CNB-LKO,CNB,LKO,123,92,120,172,61.2,0.93,Dense Fog,Normal,3,110
2025-01-17,14163,Route_North_1,NDLS-GZB,NDLS,GZB,44,33,102,14,25.7,0.96,Dense Fog,Normal,9,47
2025-01-17,14163,Route_North_1,GZB-ALJN,GZB,ALJN,70,52,135,83,30.9,0.78,Dense Fog,Normal,7,68
2025-01-17,14163,Route_North_1,ALJN-CNB,ALJN,CNB,93,69,134,166,41.4,0.98,Dense Fog,Normal,2,86
2025-01-17,14163,Route_North_1,CNB-LKO,CNB,LKO,123,92,182,231,40.5,0.72,Dense Fog,Normal,6,110
2025-01-17,19031,Route_North_1,NDLS-GZB,NDLS,GZB,44,33,102,48,25.8,0.14,Dense Fog,Normal,8,47
2025-01-17,19031,Route_North_1,GZB-ALJN,GZB,ALJN,70,52,140,117,29.9,0.6,Dense Fog,Normal,3,68
2025-01-17,19031,Route_North_1,ALJN-CNB,ALJN,CNB,93,69,140,205,39.7,0.21,Dense Fog,Normal,2,86
2025-01-17,19031,Route_North_1,CNB-LKO,CNB,LKO,123,92,231,276,31.9,0.2,Dense Fog,Normal,8,110
2025-01-18,12004,Route_North_1,NDLS-GZB,NDLS,GZB,44,33,37,37,70.4,0.69,Light Fog,Normal,5,47
2025-01-18,12004,Route_North_1,GZB-ALJN,GZB,ALJN,70,52,47,41,88.7,0.17,Light Fog,Normal,4,68
2025-01-18,12004,Route_North_1,ALJN-CNB,ALJN,CNB,93,69,81,36,68.5,0.75,Light Fog,Normal,8,86
2025-01-18,12004,Route_North_1,CNB-LKO,CNB,LKO,123,92,92,48,79.6,0.59,Light Fog,Normal,3,110
2025-01-18,12301,Route_North_1,NDLS-GZB,NDLS,GZB,44,33,43,0,60.8,0.48,Light Fog,Normal,7,47
2025-01-18,12301,Route_North_1,GZB-ALJN,GZB,ALJN,70,52,49,10,84.7,0.52,Light Fog,Normal,7,68
2025-01-18,12301,Route_North_1,ALJN-CNB,ALJN,CNB,93,69,233,7,23.9,0.58,Light Fog,Signal Failure,8,86
2025-01-18,12301,Route_North_1,CNB-LKO,CNB,LKO,123,92,158,171,46.5,0.79,Light Fog,Signal Failure,9,110
2025-01-18,14163,Route_North_1,NDLS-GZB,NDLS,GZB,44,33,69,0,37.9,0.4,Light Fog,Normal,6,47
2025-01-18,14163,Route_North_1,GZB-ALJN,GZB,ALJN,70,52,78,36,53.3,0.1,Light Fog,Normal,7,68
2025-01-18,14163,Route_North_1,ALJN-CNB,ALJN,CNB,93,69,117,62,47.4,0.87,Light Fog,Normal,7,86
2025-01-18,14163,Route_North_1,CNB-LKO,CNB,LKO,123,92,130,110,56.7,0.35,Light Fog,Normal,8,110
2025-01-18,19031,Route_North_1,NDLS-GZB,NDLS,GZB,44,33,74,0,35.6,0.45,Light Fog,Normal,5,47
2025-01-18,19031,Route_North_1,GZB-ALJN,GZB,ALJN,70,52,108,41,38.8,0.82,Light Fog,Normal,4,68
2025-01-18,19031,Route_North_1,ALJN-CNB,ALJN,CNB,93,69,149,97,37.3,0.98,Light Fog,Normal,9,86
2025-01-18,19031,Route_North_1,CNB-LKO,CNB,LKO,123,92,165,177,44.6,0.65,Light Fog,Normal,5,110
2025-01-19,12004,Route_North_1,NDLS-GZB,NDLS,GZB,44,33,31,32,83.8,0.21,Clear,Normal,4,47
2025-01-19,12004,Route_North_1,GZB-ALJN,GZB,ALJN,70,52,47,30,88.7,0.27,Clear,Normal,4,68
2025-01-19,12004,Route_North_1,ALJN-CNB,ALJN,CNB,93,69,65,25,85.2,0.67,Clear,Normal,8,86
2025-01-19,12004,Route_North_1,CNB-LKO,CNB,LKO,123,92,82,21,89.3,1.0,Clear,Normal,6,110
2025-01-19,12301,Route_North_1,NDLS-GZB,NDLS,GZB,44,33,28,3,93.0,0.54,Clear,Normal,2,47
2025-01-19,12301,Route_North_1,GZB-ALJN,GZB,ALJN,70,52,50,0,83.0,0.3,Clear,Normal,9,68
2025-01-19,12301,Route_North_1,ALJN-CNB,ALJN,CNB,93,69,61,0,91.2,0.91,Clear,Normal,6,86
2025-01-19,12301,Route_North_1,CNB-LKO,CNB,LKO,123,92,78,0,93.9,0.34,Clear,Normal,5,110
2025-01-19,14163,Route_North_1,NDLS-GZB,NDLS,GZB,44,33,38,0,68.3,0.4,Clear,Normal,2,47
2025-01-19,14163,Route_North_1,GZB-ALJN,GZB,ALJN,70,52,65,5,63.9,0.47,Clear,Normal,8,68
2025-01-19,14163,Route_North_1,ALJN-CNB,ALJN,CNB,93,69,79,18,70.0,0.14,Heavy Rain,Normal,3,86
2025-01-19,14163,Route_North_1,CNB-LKO,CNB,LKO,123,92,112,28,65.8,0.71,Clear,Normal,6,110
2025-01-19,19031,Route_North_1,NDLS-GZB,NDLS,GZB,44,33,71,9,37.1,0.89,Clear,Normal,7,47
2025-01-19,19031,Route_North_1,GZB-ALJN,GZB,ALJN,70,52,85,47,49.2,0.41,Clear,Normal,3,68
2025-01-19,19031,Route_North_1,ALJN-CNB,ALJN,CNB,93,69,122,80,45.5,0.76,Clear,Normal,9,86
2025-01-19,19031,Route_North_1,CNB-LKO,CNB,LKO,123,92,152,133,48.4,0.87,Clear,Normal,4,110
2025-01-20,12004,Route_North_1,NDLS-GZB,NDLS,GZB,44,33,32,0,81.2,0.73,Clear,Normal,5,47
2025-01-20,12004,Route_North_1,GZB-ALJN,GZB,ALJN,70,52,47,0,88.7,0.88,Clear,Normal,4,68
2025-01-20,12004,Route_North_1,ALJN-CNB,ALJN,CNB,93,69,134,0,41.5,0.31,Clear,Cattle Runover,8,86
2025-01-20,12004,Route_North_1,CNB-LKO,CNB,LKO,123,92,81,65,90.4,0.78,Heavy Rain,Normal,5,110
2025-01-20,12301,Route_North_1,NDLS-GZB,NDLS,GZB,44,33,28,0,93.0,0.66,Heavy Rain,Normal,2,47
2025-01-20,12301,Route_North_1,GZB-ALJN,GZB,ALJN,70,52,50,0,83.0,0.44,Clear,Normal,9,68
2025-01-20,12301,Route_North_1,ALJN-CNB,ALJN,CNB,93,69,62,0,89.7,0.2,Clear,Normal,7,86
2025-01-20,12301,Route_North_1,CNB-LKO,CNB,LKO,123,92,78,0,93.9,0.86,Heavy Rain,Normal,5,110
2025-01-20,14163,Route_North_1,NDLS-GZB,NDLS,GZB,44,33,43,22,60.5,0.72,Clear,Normal,3,47
2025-01-20,14163,Route_North_1,GZB-ALJN,GZB,ALJN,70,52,64,32,64.8,0.79,Clear,Normal,2,68
2025-01-20,14163,Route_North_1,ALJN-CNB,ALJN,CNB,93,69,83,44,66.7,0.66,Clear,Normal,4,86
2025-01-20,14163,Route_North_1,CNB-LKO,CNB,LKO,123,92,111,58,66.4,0.71,Clear,Normal,5,110
2025-01-20,19031,Route_North_1,NDLS-GZB,NDLS,GZB,44,33,70,13,37.6,0.78,Clear,Normal,8,47
2025-01-20,19031,Route_North_1,GZB-ALJN,GZB,ALJN,70,52,91,50,46.0,0.43,Clear,Normal,9,68
2025-01-20,19031,Route_North_1,ALJN-CNB,ALJN,CNB,93,69,115,89,48.3,0.5,Clear,Normal,7,86
2025-01-20,19031,Route_North_1,CNB-LKO,CNB,LKO,123,92,136,135,54.1,0.19,Clear,Normal,2,110
2025-01-21,12004,Route_North_1,NDLS-GZB,NDLS,GZB,44,33,34,22,76.5,0.71,Clear,Normal,7,47
2025-01-21,12004,Route_North_1,GZB-ALJN,GZB,ALJN,70,52,52,23,80.3,0.97,Clear,Normal,9,68
2025-01-21,12004,Route_North_1,ALJN-CNB,ALJN,CNB,93,69,61,23,90.7,0.48,Clear,Normal,4,86
2025-01-21,12004,Route_North_1,CNB-LKO,CNB,LKO,123,92,80,15,91.5,0.5,Clear,Normal,4,110
2025-01-21,12301,Route_North_1,NDLS-GZB,NDLS,GZB,44,33,32,29,81.5,0.31,Clear,Normal,6,47
2025-01-21,12301,Route_North_1,GZB-ALJN,GZB,ALJN,70,52,44,28,94.2,0.74,Clear,Normal,3,68
2025-01-21,12301,Route_North_1,ALJN-CNB,ALJN,CNB,93,69,62,20,89.7,0.97,Clear,Normal,7,86
2025-01-21,12301,Route_North_1,CNB-LKO,CNB,LKO,123,92,77,13,95.1,0.24,Clear,Normal,4,110
2025-01-21,14163,Route_North_1,NDLS-GZB,NDLS,GZB,44,33,41,19,63.4,0.13,Clear,Normal,5,47
2025-01-21,14163,Route_North_1,GZB-ALJN,GZB,ALJN,70,52,64,27,64.8,0.52,Clear,Normal,7,68
2025-01-21,14163,Route_North_1,ALJN-CNB,ALJN,CNB,93,69,85,39,65.1,0.72,Clear,Normal,5,86
2025-01-21,14163,Route_North_1,CNB-LKO,CNB,LKO,123,92,109,55,67.6,0.24,Clear,Normal,7,110
2025-01-21,19031,Route_North_1,NDLS-GZB,NDLS,GZB,44,33,67,22,39.3,0.82,Clear,Normal,4,47
2025-01-21,19031,Route_North_1,GZB-ALJN,GZB,ALJN,70,52,91,56,46.0,0.52,Clear,Normal,7,68
2025-01-21,19031,Route_North_1,ALJN-CNB,ALJN,CNB,93,69,119,95,46.7,0.64,Clear,Normal,9,86
2025-01-21,19031,Route_North_1,CNB-LKO,CNB,LKO,123,92,152,145,48.4,0.96,Clear,Normal,2,110
2025-01-22,12004,Route_North_1,NDLS-GZB,NDLS,GZB,44,33,36,0,72.3,0.23,Clear,Normal,9,47
2025-01-22,12004,Route_North_1,GZB-ALJN,GZB,ALJN,70,52,52,3,80.3,0.41,Clear,Normal,9,68
2025-01-22,12004,Route_North_1,ALJN-CNB,ALJN,CNB,93,69,59,3,93.8,0.57,Heavy Rain,Normal,2,86
2025-01-22,12004,Route_North_1,CNB-LKO,CNB,LKO,123,92,79,0,92.6,0.84,Clear,Normal,3,110
2025-01-22,12301,Route_North_1,NDLS-GZB,NDLS,GZB,44,33,33,9,79.0,0.61,Clear,Normal,7,47
2025-01-22,12301,Route_North_1,GZB-ALJN,GZB,ALJN,70,52,46,9,90.1,0.14,Clear,Normal,5,68
2025-01-22,12301,Route_North_1,ALJN-CNB,ALJN,CNB,93,69,62,3,89.7,0.74,Clear,Normal,7,86
2025-01-22,12301,Route_North_1,CNB-LKO,CNB,LKO,123,92,75,0,97.6,0.65,Clear,Normal,2,110
2025-01-22,14163,Route_North_1,NDLS-GZB,NDLS,GZB,44,33,40,23,64.9,0.41,Clear,Normal,4,47
2025-01-22,14163,Route_North_1,GZB-ALJN,GZB,ALJN,70,52,66,30,62.9,0.6,Clear,Normal,7,68
2025-01-22,14163,Route_North_1,ALJN-CNB,ALJN,CNB,93,69,81,44,68.3,0.68,Clear,Normal,2,86
2025-01-22,14163,Route_North_1,CNB-LKO,CNB,LKO,123,92,112,56,65.8,0.75,Clear,Normal,5,110
2025-01-22,19031,Route_North_1,NDLS-GZB,NDLS,GZB,44,33,67,17,39.3,0.88,Clear,Normal,3,47
2025-01-22,19031,Route_North_1,GZB-ALJN,GZB,ALJN,70,52,95,51,44.1,0.77,Clear,Normal,6,68
2025-01-22,19031,Route_North_1,ALJN-CNB,ALJN,CNB,93,69,112,94,49.6,0.55,Clear,Normal,3,86
2025-01-22,19031,Route_North_1,CNB-LKO,CNB,LKO,123,92,148,137,49.7,0.4,Heavy Rain,Normal,9,110
2025-01-23,12004,Route_North_1,NDLS-GZB,NDLS,GZB,44,33,56,0,46.7,0.16,Dense Fog,Normal,2,47
2025-01-23,12004,Route_North_1,GZB-ALJN,GZB,ALJN,70,52,86,23,48.6,0.26,Dense Fog,Normal,8,68
2025-01-23,12004,Route_North_1,ALJN-CNB,ALJN,CNB,93,69,125,57,44.5,0.86,Dense Fog,Normal,5,86
2025-01-23,12004,Route_North_1,CNB-LKO,CNB,LKO,123,92,169,113,43.5,0.79,Dense Fog,Normal,9,110
2025-01-23,12301,Route_North_1,NDLS-GZB,NDLS,GZB,44,33,92,21,28.6,0.56,Dense Fog,Normal,5,47
2025-01-23,12301,Route_North_1,GZB-ALJN,GZB,ALJN,70,52,98,80,42.6,0.46,Dense Fog,Normal,3,68
2025-01-23,12301,Route_North_1,ALJN-CNB,ALJN,CNB,93,69,122,126,45.7,0.81,Dense Fog,Normal,3,86
2025-01-23,12301,Route_North_1,CNB-LKO,CNB,LKO,123,92,105,179,69.9,0.36,Dense Fog,Normal,4,110
2025-01-23,14163,Route_North_1,NDLS-GZB,NDLS,GZB,44,33,72,39,36.3,0.22,Dense Fog,Normal,5,47
2025-01-23,14163,Route_North_1,GZB-ALJN,GZB,ALJN,70,52,132,78,31.6,0.26,Dense Fog,Normal,7,68
2025-01-23,14163,Route_North_1,ALJN-CNB,ALJN,CNB,93,69,112,158,49.5,0.26,Dense Fog,Normal,7,86
2025-01-23,14163,Route_North_1,CNB-LKO,CNB,LKO,123,92,193,201,38.2,0.32,Dense Fog,Normal,6,110
2025-01-23,19031,Route_North_1,NDLS-GZB,NDLS,GZB,44,33,117,37,22.5,0.56,Dense Fog,Normal,5,47
2025-01-23,19031,Route_North_1,GZB-ALJN,GZB,ALJN,70,52,169,121,24.8,0.25,Dense Fog,Normal,2,68
2025-01-23,19031,Route_North_1,ALJN-CNB,ALJN,CNB,93,69,176,238,31.6,0.33,Dense Fog,Normal,6,86
2025-01-23,19031,Route_North_1,CNB-LKO,CNB,LKO,123,92,237,345,31.1,0.8,Dense Fog,Normal,5,110
2025-01-24,12004,Route_North_1,NDLS-GZB,NDLS,GZB,44,33,57,0,45.9,0.25,Dense Fog,Normal,6,47
2025-01-24,12004,Route_North_1,GZB-ALJN,GZB,ALJN,70,52,76,24,55.0,0.85,Dense Fog,Normal,6,68
2025-01-24,12004,Route_North_1,ALJN-CNB,ALJN,CNB,93,69,82,48,67.6,0.66,Dense Fog,Normal,2,86
2025-01-24,12004,Route_North_1,CNB-LKO,CNB,LKO,123,92,151,61,48.7,0.25,Dense Fog,Normal,4,110
2025-01-24,12301,Route_North_1,NDLS-GZB,NDLS,GZB,44,33,88,4,29.9,0.7,Dense Fog,Normal,2,47
2025-01-24,12301,Route_North_1,GZB-ALJN,GZB,ALJN,70,52,102,59,40.9,0.83,Dense Fog,Normal,8,68
2025-01-24,12301,Route_North_1,ALJN-CNB,ALJN,CNB,93,69,92,109,60.5,0.29,Dense Fog,Normal,3,86
2025-01-24,12301,Route_North_1,CNB-LKO,CNB,LKO,123,92,128,132,57.4,0.21,Dense Fog,Normal,5,110
2025-01-24,14163,Route_North_1,NDLS-GZB,NDLS,GZB,44,33,125,12,21.0,0.26,Dense Fog,Normal,6,47
2025-01-24,14163,Route_North_1,GZB-ALJN,GZB,ALJN,70,52,103,104,40.5,0.63,Dense Fog,Normal,3,68
2025-01-24,14163,Route_North_1,ALJN-CNB,ALJN,CNB,93,69,168,155,33.1,0.53,Dense Fog,Normal,4,86
2025-01-24,14163,Route_North_1,CNB-LKO,CNB,LKO,123,92,159,254,46.4,0.39,Dense Fog,Normal,2,110
2025-01-24,19031,Route_North_1,NDLS-GZB,NDLS,GZB,44,33,128,0,20.6,0.33,Dense Fog,Normal,3,47
2025-01-24,19031,Route_North_1,GZB-ALJN,GZB,ALJN,70,52,146,95,28.7,0.58,Dense Fog,Normal,9,68
2025-01-24,19031,Route_North_1,ALJN-CNB,ALJN,CNB,93,69,184,189,30.2,0.23,Dense Fog,Normal,3,86
2025-01-24,19031,Route_North_1,CNB-LKO,CNB,LKO,123,92,188,304,39.2,0.25,Dense Fog,Normal,2,110
2025-01-25,12004,Route_North_1,NDLS-GZB,NDLS,GZB,44,33,35,0,74.4,0.33,Light Fog,Normal,8,47
2025-01-25,12004,Route_North_1,GZB-ALJN,GZB,ALJN,70,52,61,2,68.5,0.44,Light Fog,Normal,3,68
2025-01-25,12004,Route_North_1,ALJN-CNB,ALJN,CNB,93,69,73,11,75.9,0.88,Light Fog,Normal,2,86
2025-01-25,12004,Route_North_1,CNB-LKO,CNB,LKO,123,92,102,15,71.9,0.94,Light Fog,Normal,5,110
2025-01-25,12301,Route_North_1,NDLS-GZB,NDLS,GZB,44,33,43,0,60.8,0.29,Light Fog,Normal,7,47
2025-01-25,12301,Route_North_1,GZB-ALJN,GZB,ALJN,70,52,48,10,86.4,0.69,Light Fog,Normal,3,68
2025-01-25,12301,Route_North_1,ALJN-CNB,ALJN,CNB,93,69,57,6,97.6,0.39,Light Fog,Normal,2,86
2025-01-25,12301,Route_North_1,CNB-LKO,CNB,LKO,123,92,98,0,74.8,0.78,Light Fog,Normal,8,110
2025-01-25,14163,Route_North_1,NDLS-GZB,NDLS,GZB,44,33,52,21,50.1,0.39,Light Fog,Normal,4,47
2025-01-25,14163,Route_North_1,GZB-ALJN,GZB,ALJN,70,52,88,40,47.3,0.79,Light Fog,Normal,8,68
2025-01-25,14163,Route_North_1,ALJN-CNB,ALJN,CNB,93,69,100,76,55.4,0.84,Light Fog,Normal,2,86
2025-01-25,14163,Route_North_1,CNB-LKO,CNB,LKO,123,92,129,107,57.1,0.67,Light Fog,Normal,8,110
2025-01-25,19031,Route_North_1,NDLS-GZB,NDLS,GZB,44,33,68,17,38.7,0.45,Light Fog,Normal,2,47
2025-01-25,19031,Route_North_1,GZB-ALJN,GZB,ALJN,70,52,102,52,41.1,0.5,Light Fog,Normal,3,68
2025-01-25,19031,Route_North_1,ALJN-CNB,ALJN,CNB,93,69,129,102,43.1,0.25,Light Fog,Normal,3,86
2025-01-25,19031,Route_North_1,CNB-LKO,CNB,LKO,123,92,168,162,43.8,0.55,Light Fog,Normal,9,110
2025-01-26,12004,Route_North_1,NDLS-GZB,NDLS,GZB,44,33,38,0,68.6,0.45,Light Fog,Normal,7,47
2025-01-26,12004,Route_North_1,GZB-ALJN,GZB,ALJN,70,52,70,5,59.7,0.96,Light Fog,Normal,6,68
2025-01-26,12004,Route_North_1,ALJN-CNB,ALJN,CNB,93,69,69,23,80.3,0.11,Light Fog,Normal,6,86
2025-01-26,12004,Route_North_1,CNB-LKO,CNB,LKO,123,92,86,23,85.2,0.32,Light Fog,Normal,4,110
2025-01-26,12301,Route_North_1,NDLS-GZB,NDLS,GZB,44,33,55,13,47.7,0.94,Light Fog,Normal,3,47
2025-01-26,12301,Route_North_1,GZB-ALJN,GZB,ALJN,70,52,70,35,59.5,0.66,Light Fog,Normal,7,68
2025-01-26,12301,Route_North_1,ALJN-CNB,ALJN,CNB,93,69,72,53,77.3,0.82,Light Fog,Normal,9,86
2025-01-26,12301,Route_North_1,CNB-LKO,CNB,LKO,123,92,96,56,76.4,0.65,Light Fog,Normal,3,110
2025-01-26,14163,Route_North_1,NDLS-GZB,NDLS,GZB,44,33,55,0,47.4,0.26,Light Fog,Normal,3,47
2025-01-26,14163,Route_North_1,GZB-ALJN,GZB,ALJN,70,52,81,22,51.4,0.27,Light Fog,Normal,3,68
2025-01-26,14163,Route_North_1,ALJN-CNB,ALJN,CNB,93,69,118,51,47.0,0.93,Light Fog,Normal,5,86
2025-01-26,14163,Route_North_1,CNB-LKO,CNB,LKO,123,92,138,100,53.4,0.83,Light Fog,Normal,9,110
2025-01-26,19031,Route_North_1,NDLS-GZB,NDLS,GZB,44,33,81,0,32.5,0.2,Light Fog,Normal,8,47
2025-01-26,19031,Route_North_1,GZB-ALJN,GZB,ALJN,70,52,106,48,39.5,0.56,Light Fog,Normal,3,68
2025-01-26,19031,Route_North_1,ALJN-CNB,ALJN,CNB,93,69,139,102,40.0,0.65,Light Fog,Normal,9,86
2025-01-26,19031,Route_North_1,CNB-LKO,CNB,LKO,123,92,162,172,45.4,0.6,Light Fog,Normal,5,110
2025-01-27,12004,Route_North_1,NDLS-GZB,NDLS,GZB,44,33,29,4,89.5,0.66,Clear,Normal,2,47
2025-01-27,12004,Route_North_1,GZB-ALJN,GZB,ALJN,70,52,48,0,86.9,0.31,Clear,Normal,5,68
2025-01-27,12004,Route_North_1,ALJN-CNB,ALJN,CNB,93,69,66,0,83.9,0.19,Clear,Normal,9,86
2025-01-27,12004,Route_North_1,CNB-LKO,CNB,LKO,123,92,80,0,91.5,0.29,Clear,Normal,4,110
2025-01-27,12301,Route_North_1,NDLS-GZB,NDLS,GZB,44,33,33,34,79.0,0.64,Clear,Normal,7,47
2025-01-27,12301,Route_North_1,GZB-ALJN,GZB,ALJN,70,52,44,34,94.2,0.64,Clear,Normal,3,68
2025-01-27,12301,Route_North_1,ALJN-CNB,ALJN,CNB,93,69,57,26,97.6,0.75,Clear,Normal,2,86
2025-01-27,12301,Route_North_1,CNB-LKO,CNB,LKO,123,92,78,14,93.9,0.84,Heavy Rain,Normal,5,110
2025-01-27,14163,Route_North_1,NDLS-GZB,NDLS,GZB,44,33,38,21,68.3,0.18,Clear,Normal,2,47
2025-01-27,14163,Route_North_1,GZB-ALJN,GZB,ALJN,70,52,64,26,64.8,0.43,Clear,Normal,7,68
2025-01-27,14163,Route_North_1,ALJN-CNB,ALJN,CNB,93,69,80,38,69.2,0.57,Clear,Normal,3,86
2025-01-27,14163,Route_North_1,CNB-LKO,CNB,LKO,123,92,114,49,64.6,0.68,Clear,Normal,9,110
2025-01-27,19031,Route_North_1,NDLS-GZB,NDLS,GZB,44,33,64,42,41.2,0.58,Clear,Normal,6,47
2025-01-27,19031,Route_North_1,GZB-ALJN,GZB,ALJN,70,52,82,73,51.0,0.15,Clear,Normal,5,68
2025-01-27,19031,Route_North_1,ALJN-CNB,ALJN,CNB,93,69,120,103,46.3,0.76,Clear,Normal,7,86
2025-01-27,19031,Route_North_1,CNB-LKO,CNB,LKO,123,92,140,154,52.6,0.18,Clear,Normal,6,110
2025-01-28,12004,Route_North_1,NDLS-GZB,NDLS,GZB,44,33,36,0,72.3,0.51,Clear,Normal,9,47
2025-01-28,12004,Route_North_1,GZB-ALJN,GZB,ALJN,70,52,47,3,88.7,0.98,Heavy Rain,Normal,4,68
2025-01-28,12004,Route_North_1,ALJN-CNB,ALJN,CNB,93,69,66,0,83.9,0.46,Clear,Normal,9,86
2025-01-28,12004,Route_North_1,CNB-LKO,CNB,LKO,123,92,78,0,93.8,0.79,Heavy Rain,Normal,2,110
2025-01-28,12301,Route_North_1,NDLS-GZB,NDLS,GZB,44,33,29,22,89.8,0.66,Clear,Normal,3,47
2025-01-28,12301,Route_North_1,GZB-ALJN,GZB,ALJN,70,52,46,18,90.1,0.65,Clear,Normal,5,68
2025-01-28,12301,Route_North_1,ALJN-CNB,ALJN,CNB,93,69,57,12,97.6,0.13,Clear,Normal,2,86
2025-01-28,12301,Route_North_1,CNB-LKO,CNB,LKO,123,92,76,0,96.3,0.44,Clear,Normal,3,110
2025-01-28,14163,Route_North_1,NDLS-GZB,NDLS,GZB,44,33,41,11,63.4,0.5,Clear,Normal,5,47
2025-01-28,14163,Route_North_1,GZB-ALJN,GZB,ALJN,70,52,71,19,58.5,0.81,Clear,Normal,8,68
2025-01-28,14163,Route_North_1,ALJN-CNB,ALJN,CNB,93,69,84,38,65.9,0.29,Clear,Normal,8,86
2025-01-28,14163,Route_North_1,CNB-LKO,CNB,LKO,123,92,112,53,65.8,0.67,Clear,Normal,7,110
2025-01-28,19031,Route_North_1,NDLS-GZB,NDLS,GZB,44,33,72,24,36.6,0.83,Clear,Normal,9,47
2025-01-28,19031,Route_North_1,GZB-ALJN,GZB,ALJN,70,52,85,63,49.2,0.39,Clear,Normal,4,68
2025-01-28,19031,Route_North_1,ALJN-CNB,ALJN,CNB,93,69,111,96,50.0,0.41,Clear,Normal,5,86
2025-01-28,19031,Route_North_1,CNB-LKO,CNB,LKO,123,92,149,138,49.4,0.62,Clear,Normal,6,110
2025-01-29,12004,Route_North_1,NDLS-GZB,NDLS,GZB,44,33,55,9,47.6,0.79,Light Fog,Normal,4,47
2025-01-29,12004,Route_North_1,GZB-ALJN,GZB,ALJN,70,52,67,31,62.4,0.84,Light Fog,Normal,6,68
2025-01-29,12004,Route_North_1,ALJN-CNB,ALJN,CNB,93,69,62,46,89.3,0.53,Light Fog,Normal,2,86
2025-01-29,12004,Route_North_1,CNB-LKO,CNB,LKO,123,92,89,39,82.3,0.17,Light Fog,Normal,9,110
2025-01-29,12301,Route_North_1,NDLS-GZB,NDLS,GZB,44,33,46,26,56.9,0.63,Light Fog,Normal,5,47
2025-01-29,12301,Route_North_1,GZB-ALJN,GZB,ALJN,70,52,50,39,83.0,0.2,Light Fog,Normal,9,68
2025-01-29,12301,Route_North_1,ALJN-CNB,ALJN,CNB,93,69,84,37,66.3,0.66,Light Fog,Normal,8,86
2025-01-29,12301,Route_North_1,CNB-LKO,CNB,LKO,123,92,90,52,81.5,0.8,Light Fog,Normal,2,110
2025-01-29,14163,Route_North_1,NDLS-GZB,NDLS,GZB,44,33,50,12,52.1,0.32,Light Fog,Normal,6,47
2025-01-29,14163,Route_North_1,GZB-ALJN,GZB,ALJN,70,52,90,29,46.3,0.37,Light Fog,Normal,8,68
2025-01-29,14163,Route_North_1,ALJN-CNB,ALJN,CNB,93,69,87,67,63.7,0.16,Light Fog,Normal,5,86
2025-01-29,14163,Route_North_1,CNB-LKO,CNB,LKO,123,92,129,85,57.1,0.83,Light Fog,Normal,5,110
2025-01-29,19031,Route_North_1,NDLS-GZB,NDLS,GZB,44,33,83,3,31.8,0.66,Light Fog,Normal,8,47
2025-01-29,19031,Route_North_1,GZB-ALJN,GZB,ALJN,70,52,110,53,38.1,0.81,Light Fog,Normal,8,68
2025-01-29,19031,Route_North_1,ALJN-CNB,ALJN,CNB,93,69,130,111,42.7,0.53,Light Fog,Normal,6,86
2025-01-29,19031,Route_North_1,CNB-LKO,CNB,LKO,123,92,168,172,43.8,0.97,Light Fog,Normal,7,110
2025-01-30,12004,Route_North_1,NDLS-GZB,NDLS,GZB,44,33,30,0,86.6,0.11,Clear,Normal,3,47
2025-01-30,12004,Route_North_1,GZB-ALJN,GZB,ALJN,70,52,52,0,80.3,0.16,Clear,Normal,9,68
2025-01-30,12004,Route_North_1,ALJN-CNB,ALJN,CNB,93,69,65,0,85.2,0.59,Clear,Normal,8,86
2025-01-30,12004,Route_North_1,CNB-LKO,CNB,LKO,123,92,83,0,88.2,0.23,Clear,Normal,7,110
2025-01-30,12301,Route_North_1,NDLS-GZB,NDLS,GZB,44,33,35,17,74.6,0.76,Clear,Normal,9,47
2025-01-30,12301,Route_North_1,GZB-ALJN,GZB,ALJN,70,52,44,19,94.2,0.87,Clear,Normal,3,68
2025-01-30,12301,Route_North_1,ALJN-CNB,ALJN,CNB,93,69,57,11,97.6,0.96,Clear,Normal,2,86
2025-01-30,12301,Route_North_1,CNB-LKO,CNB,LKO,123,92,82,0,89.3,0.83,Clear,Normal,9,110
2025-01-30,14163,Route_North_1,NDLS-GZB,NDLS,GZB,44,33,40,23,64.9,0.52,Heavy Rain,Normal,4,47
2025-01-30,14163,Route_North_1,GZB-ALJN,GZB,ALJN,70,52,59,30,70.3,0.51,Clear,Normal,2,68
2025-01-30,14163,Route_North_1,ALJN-CNB,ALJN,CNB,93,69,81,37,68.3,0.57,Clear,Normal,4,86
2025-01-30,14163,Route_North_1,CNB-LKO,CNB,LKO,123,92,111,49,66.4,0.5,Clear,Normal,9,110
2025-01-30,19031,Route_North_1,NDLS-GZB,NDLS,GZB,44,33,67,0,39.3,0.74,Heavy Rain,Normal,6,47
2025-01-30,19031,Route_North_1,GZB-ALJN,GZB,ALJN,70,52,81,34,51.7,0.13,Clear,Normal,5,68
2025-01-30,19031,Route_North_1,ALJN-CNB,ALJN,CNB,93,69,109,63,50.9,0.37,Clear,Normal,4,86
2025-01-30,19031,Route_North_1,CNB-LKO,CNB,LKO,123,92,151,103,48.7,0.81,Clear,Normal,4,110
2025-01-31,12004,Route_North_1,NDLS-GZB,NDLS,GZB,44,33,36,15,72.3,0.12,Clear,Normal,9,47
2025-01-31,12004,Route_North_1,GZB-ALJN,GZB,ALJN,70,52,52,18,80.3,0.8,Clear,Normal,9,68
2025-01-31,12004,Route_North_1,ALJN-CNB,ALJN,CNB,93,69,59,18,93.8,0.29,Clear,Normal,2,86
2025-01-31,12004,Route_North_1,CNB-LKO,CNB,LKO,123,92,78,8,93.8,0.16,Clear,Normal,2,110
2025-01-31,12301,Route_North_1,NDLS-GZB,NDLS,GZB,44,33,32,0,81.5,0.97,Clear,Normal,6,47
2025-01-31,12301,Route_North_1,GZB-ALJN,GZB,ALJN,70,52,47,0,88.2,0.2,Clear,Normal,6,68
2025-01-31,12301,Route_North_1,ALJN-CNB,ALJN,CNB,93,69,60,0,92.7,0.83,Clear,Normal,5,86
2025-01-31,12301,Route_North_1,CNB-LKO,CNB,LKO,123,92,76,0,96.3,0.2,Clear,Normal,3,110
2025-01-31,14163,Route_North_1,NDLS-GZB,NDLS,GZB,44,33,46,0,56.6,0.65,Clear,Normal,7,47
2025-01-31,14163,Route_North_1,GZB-ALJN,GZB,ALJN,70,52,65,13,63.9,0.71,Clear,Normal,4,68
2025-01-31,14163,Route_North_1,ALJN-CNB,ALJN,CNB,93,69,85,26,65.1,0.36,Clear,Normal,9,86
2025-01-31,14163,Route_North_1,CNB-LKO,CNB,LKO,123,92,110,42,67.0,0.33,Clear,Normal,8,110
2025-01-31,19031,Route_North_1,NDLS-GZB,NDLS,GZB,44,33,66,0,39.9,0.51,Clear,Normal,9,47
2025-01-31,19031,Route_North_1,GZB-ALJN,GZB,ALJN,70,52,88,33,47.6,0.26,Clear,Normal,9,68
2025-01-31,19031,Route_North_1,ALJN-CNB,ALJN,CNB,93,69,124,69,44.8,0.99,Clear,Normal,7,86
2025-01-31,19031,Route_North_1,CNB-LKO,CNB,LKO,123,92,141,124,52.2,0.2,Clear,Normal,6,110
2025-02-01,12004,Route_North_1,NDLS-GZB,NDLS,GZB,44,33,33,26,78.8,0.86,Clear,Normal,6,47
2025-02-01,12004,Route_North_1,GZB-ALJN,GZB,ALJN,70,52,47,26,88.7,0.77,Clear,Normal,4,68
2025-02-01,12004,Route_North_1,ALJN-CNB,ALJN,CNB,93,69,65,21,85.2,0.72,Clear,Normal,8,86
2025-02-01,12004,Route_North_1,CNB-LKO,CNB,LKO,123,92,85,17,86.1,0.49,Clear,Normal,9,110
2025-02-01,12301,Route_North_1,NDLS-GZB,NDLS,GZB,44,33,70,21,37.5,0.77,Clear,Signal Failure,2,47
2025-02-01,12301,Route_North_1,GZB-ALJN,GZB,ALJN,70,52,44,58,94.2,0.89,Clear,Normal,3,68
2025-02-01,12301,Route_North_1,ALJN-CNB,ALJN,CNB,93,69,63,50,88.3,0.76,Clear,Normal,8,86
2025-02-01,12301,Route_North_1,CNB-LKO,CNB,LKO,123,92,75,44,97.6,0.44,Clear,Normal,2,110
2025-02-01,14163,Route_North_1,NDLS-GZB,NDLS,GZB,44,33,48,7,54.2,0.77,Clear,Normal,7,47
2025-02-01,14163,Route_North_1,GZB-ALJN,GZB,ALJN,70,52,70,22,59.3,0.71,Clear,Normal,9,68
2025-02-01,14163,Route_North_1,ALJN-CNB,ALJN,CNB,93,69,89,40,62.2,0.89,Clear,Normal,6,86
2025-02-01,14163,Route_North_1,CNB-LKO,CNB,LKO,123,92,108,60,68.2,0.68,Clear,Normal,3,110
2025-02-01,19031,Route_North_1,NDLS-GZB,NDLS,GZB,44,33,62,10,42.5,0.45,Clear,Normal,6,47
2025-02-01,19031,Route_North_1,GZB-ALJN,GZB,ALJN,70,52,83,39,50.4,0.13,Heavy Rain,Normal,7,68
2025-02-01,19031,Route_North_1,ALJN-CNB,ALJN,CNB,93,69,109,70,50.9,0.18,Clear,Normal,8,86
2025-02-01,19031,Route_North_1,CNB-LKO,CNB,LKO,123,92,152,110,48.4,0.75,Clear,Normal,6,110
2025-02-02,12004,Route_North_1,NDLS-GZB,NDLS,GZB,44,33,30,40,86.6,0.71,Clear,Normal,3,47
2025-02-02,12004,Route_North_1,GZB-ALJN,GZB,ALJN,70,52,51,37,81.8,0.39,Clear,Normal,8,68
2025-02-02,12004,Route_North_1,ALJN-CNB,ALJN,CNB,93,69,64,36,86.5,0.4,Clear,Normal,7,86
2025-02-02,12004,Route_North_1,CNB-LKO,CNB,LKO,123,92,80,31,91.5,0.84,Clear,Normal,4,110
2025-02-02,12301,Route_North_1,NDLS-GZB,NDLS,GZB,44,33,34,50,76.7,0.4,Clear,Normal,8,47
2025-02-02,12301,Route_North_1,GZB-ALJN,GZB,ALJN,70,52,46,51,90.1,0.16,Clear,Normal,5,68
2025-02-02,12301,Route_North_1,ALJN-CNB,ALJN,CNB,93,69,61,45,91.2,0.94,Clear,Normal,6,86
2025-02-02,12301,Route_North_1,CNB-LKO,CNB,LKO,123,92,81,37,90.4,0.55,Clear,Normal,8,110
2025-02-02,14163,Route_North_1,NDLS-GZB,NDLS,GZB,44,33,47,5,55.4,0.61,Clear,Normal,9,47
2025-02-02,14163,Route_North_1,GZB-ALJN,GZB,ALJN,70,52,70,19,59.3,0.98,Clear,Normal,4,68
2025-02-02,14163,Route_North_1,ALJN-CNB,ALJN,CNB,93,69,89,37,62.2,0.85,Heavy Rain,Normal,6,86
2025-02-02,14163,Route_North_1,CNB-LKO,CNB,LKO,123,92,112,57,65.8,0.8,Clear,Normal,4,110
2025-02-02,19031,Route_North_1,NDLS-GZB,NDLS,GZB,44,33,70,0,37.6,0.89,Clear,Normal,6,47
2025-02-02,19031,Route_North_1,GZB-ALJN,GZB,ALJN,70,52,92,37,45.5,0.49,Clear,Normal,9,68
2025-02-02,19031,Route_North_1,ALJN-CNB,ALJN,CNB,93,69,109,77,50.9,0.17,Clear,Normal,8,86
2025-02-02,19031,Route_North_1,CNB-LKO,CNB,LKO,123,92,152,117,48.4,0.8,Clear,Normal,5,110
2025-02-03,12004,Route_North_1,NDLS-GZB,NDLS,GZB,44,33,36,0,72.3,0.78,Clear,Normal,9,47
2025-02-03,12004,Route_North_1,GZB-ALJN,GZB,ALJN,70,52,46,3,90.6,0.35,Clear,Normal,3,68
2025-02-03,12004,Route_North_1,ALJN-CNB,ALJN,CNB,93,69,62,0,89.3,0.32,Clear,Normal,5,86
2025-02-03,12004,Route_North_1,CNB-LKO,CNB,LKO,123,92,84,0,87.2,0.43,Clear,Normal,8,110
2025-02-03,12301,Route_North_1,NDLS-GZB,NDLS,GZB,44,33,32,19,81.5,0.16,Clear,Normal,6,47
2025-02-03,12301,Route_North_1,GZB-ALJN,GZB,ALJN,70,52,45,18,92.1,0.66,Clear,Normal,4,68
2025-02-03,12301,Route_North_1,ALJN-CNB,ALJN,CNB,93,69,63,11,88.3,0.47,Clear,Normal,8,86
2025-02-03,12301,Route_North_1,CNB-LKO,CNB,LKO,123,92,77,5,95.1,0.76,Clear,Normal,4,110
2025-02-03,14163,Route_North_1,NDLS-GZB,NDLS,GZB,44,33,45,11,57.8,0.48,Clear,Normal,9,47
2025-02-03,14163,Route_North_1,GZB-ALJN,GZB,ALJN,70,52,72,23,57.7,0.98,Clear,Normal,6,68
2025-02-03,14163,Route_North_1,ALJN-CNB,ALJN,CNB,93,69,82,43,67.5,0.61,Clear,Normal,4,86
2025-02-03,14163,Route_North_1,CNB-LKO,CNB,LKO,123,92,117,56,63.0,0.97,Clear,Normal,6,110
2025-02-03,19031,Route_North_1,NDLS-GZB,NDLS,GZB,44,33,56,20,47.0,0.3,Clear,Normal,3,47
2025-02-03,19031,Route_North_1,GZB-ALJN,GZB,ALJN,70,52,94,43,44.5,0.59,Clear,Normal,9,68
2025-02-03,19031,Route_North_1,ALJN-CNB,ALJN,CNB,93,69,115,85,48.3,0.75,Clear,Normal,2,86
2025-02-03,19031,Route_North_1,CNB-LKO,CNB,LKO,123,92,151,131,48.7,0.65,Clear,Normal,7,110
2025-02-04,12004,Route_North_1,NDLS-GZB,NDLS,GZB,44,33,30,0,86.6,0.86,Clear,Normal,3,47
2025-02-04,12004,Route_North_1,GZB-ALJN,GZB,ALJN,70,52,51,0,81.8,0.51,Clear,Normal,8,68
2025-02-04,12004,Route_North_1,ALJN-CNB,ALJN,CNB,93,69,62,0,89.3,0.56,Clear,Normal,5,86
2025-02-04,12004,Route_North_1,CNB-LKO,CNB,LKO,123,92,78,0,93.8,0.81,Clear,Normal,2,110
2025-02-04,12301,Route_North_1,NDLS-GZB,NDLS,GZB,44,33,34,0,76.7,0.25,Clear,Normal,8,47
2025-02-04,12301,Route_North_1,GZB-ALJN,GZB,ALJN,70,52,50,1,83.0,0.12,Clear,Normal,9,68
2025-02-04,12301,Route_North_1,ALJN-CNB,ALJN,CNB,93,69,59,0,94.3,0.88,Clear,Normal,4,86
2025-02-04,12301,Route_North_1,CNB-LKO,CNB,LKO,123,92,75,0,97.6,0.78,Clear,Normal,2,110
2025-02-04,14163,Route_North_1,NDLS-GZB,NDLS,GZB,44,33,41,27,63.4,0.19,Clear,Normal,5,47
2025-02-04,14163,Route_North_1,GZB-ALJN,GZB,ALJN,70,52,63,35,65.9,0.18,Clear,Normal,6,68
2025-02-04,14163,Route_North_1,ALJN-CNB,ALJN,CNB,93,69,86,46,64.4,0.57,Clear,Normal,9,86
2025-02-04,14163,Route_North_1,CNB-LKO,CNB,LKO,123,92,111,63,66.4,0.35,Clear,Normal,9,110
2025-02-04,19031,Route_North_1,NDLS-GZB,NDLS,GZB,44,33,74,8,35.6,0.92,Clear,Normal,9,47
2025-02-04,19031,Route_North_1,GZB-ALJN,GZB,ALJN,70,52,89,49,47.0,0.6,Clear,Normal,3,68
2025-02-04,19031,Route_North_1,ALJN-CNB,ALJN,CNB,93,69,119,86,46.7,0.92,Clear,Normal,3,86
2025-02-04,19031,Route_North_1,CNB-LKO,CNB,LKO,123,92,151,136,48.7,0.64,Clear,Normal,8,110
2025-02-05,12004,Route_North_1,NDLS-GZB,NDLS,GZB,44,33,36,0,72.3,0.18,Clear,Normal,9,47
2025-02-05,12004,Route_North_1,GZB-ALJN,GZB,ALJN,70,52,45,3,92.6,0.39,Clear,Normal,2,68
2025-02-05,12004,Route_North_1,ALJN-CNB,ALJN,CNB,93,69,63,0,87.9,0.7,Clear,Normal,6,86
2025-02-05,12004,Route_North_1,CNB-LKO,CNB,LKO,123,92,80,0,91.5,0.98,Clear,Normal,4,110
2025-02-05,12301,Route_North_1,NDLS-GZB,NDLS,GZB,44,33,28,18,93.0,0.6,Clear,Normal,2,47
2025-02-05,12301,Route_North_1,GZB-ALJN,GZB,ALJN,70,52,48,13,86.4,0.29,Heavy Rain,Normal,7,68
2025-02-05,12301,Route_North_1,ALJN-CNB,ALJN,CNB,93,69,60,9,92.7,0.87,Clear,Normal,5,86
2025-02-05,12301,Route_North_1,CNB-LKO,CNB,LKO,123,92,75,0,97.6,0.78,Clear,Normal,2,110
2025-02-05,14163,Route_North_1,NDLS-GZB,NDLS,GZB,44,33,40,36,64.9,0.54,Clear,Normal,4,47
2025-02-05,14163,Route_North_1,GZB-ALJN,GZB,ALJN,70,52,62,43,66.9,0.32,Clear,Normal,5,68
2025-02-05,14163,Route_North_1,ALJN-CNB,ALJN,CNB,93,69,81,53,68.3,0.32,Clear,Normal,5,86
2025-02-05,14163,Route_North_1,CNB-LKO,CNB,LKO,123,92,106,65,69.5,0.27,Clear,Normal,4,110
2025-02-05,19031,Route_North_1,NDLS-GZB,NDLS,GZB,44,33,61,7,43.2,0.42,Clear,Normal,6,47
2025-02-05,19031,Route_North_1,GZB-ALJN,GZB,ALJN,70,52,82,35,51.0,0.33,Clear,Normal,2,68
2025-02-05,19031,Route_North_1,ALJN-CNB,ALJN,CNB,93,69,114,65,48.7,0.39,Clear,Normal,9,86
2025-02-05,19031,Route_North_1,CNB-LKO,CNB,LKO,123,92,141,110,52.2,0.25,Heavy Rain,Normal,5,110
2025-02-06,12004,Route_North_1,NDLS-GZB,NDLS,GZB,44,33,29,21,89.5,0.72,Clear,Normal,2,47
2025-02-06,12004,Route_North_1,GZB-ALJN,GZB,ALJN,70,52,45,17,92.6,0.16,Clear,Normal,2,68
2025-02-06,12004,Route_North_1,ALJN-CNB,ALJN,CNB,93,69,62,10,89.3,0.94,Clear,Normal,5,86
2025-02-06,12004,Route_North_1,CNB-LKO,CNB,LKO,123,92,84,3,87.2,0.15,Clear,Normal,8,110
2025-02-06,12301,Route_North_1,NDLS-GZB,NDLS,GZB,44,33,34,0,76.7,0.7,Clear,Normal,8,47
2025-02-06,12301,Route_North_1,GZB-ALJN,GZB,ALJN,70,52,48,1,86.4,0.44,Clear,Normal,7,68
2025-02-06,12301,Route_North_1,ALJN-CNB,ALJN,CNB,93,69,62,0,89.7,0.44,Clear,Normal,7,86
2025-02-06,12301,Route_North_1,CNB-LKO,CNB,LKO,123,92,82,0,89.3,0.12,Clear,Normal,9,110
2025-02-06,14163,Route_North_1,NDLS-GZB,NDLS,GZB,44,33,40,16,64.9,0.36,Clear,Normal,4,47
2025-02-06,14163,Route_North_1,GZB-ALJN,GZB,ALJN,70,52,70,23,59.3,0.86,Clear,Normal,6,68
2025-02-06,14163,Route_North_1,ALJN-CNB,ALJN,CNB,93,69,84,41,65.9,0.37,Clear,Normal,8,86
2025-02-06,14163,Route_North_1,CNB-LKO,CNB,LKO,123,92,111,56,66.4,0.5,Clear,Normal,9,110
2025-02-06,19031,Route_North_1,NDLS-GZB,NDLS,GZB,44,33,57,13,46.2,0.19,Clear,Normal,7,47
2025-02-06,19031,Route_North_1,GZB-ALJN,GZB,ALJN,70,52,88,37,47.6,0.36,Heavy Rain,Normal,7,68
2025-02-06,19031,Route_North_1,ALJN-CNB,ALJN,CNB,93,69,112,73,49.6,0.37,Clear,Normal,7,86
2025-02-06,19031,Route_North_1,CNB-LKO,CNB,LKO,123,92,151,116,48.7,0.89,Clear,Normal,3,110
2025-02-07,12004,Route_North_1,NDLS-GZB,NDLS,GZB,44,33,33,29,78.8,0.17,Clear,Normal,6,47
2025-02-07,12004,Route_North_1,GZB-ALJN,GZB,ALJN,70,52,47,29,88.7,0.49,Clear,Normal,4,68
2025-02-07,12004,Route_North_1,ALJN-CNB,ALJN,CNB,93,69,63,24,87.9,0.57,Clear,Normal,6,86
2025-02-07,12004,Route_North_1,CNB-LKO,CNB,LKO,123,92,82,18,89.3,0.54,Clear,Normal,6,110
2025-02-07,12301,Route_North_1,NDLS-GZB,NDLS,GZB,44,33,28,44,93.0,0.7,Clear,Normal,2,47
2025-02-07,12301,Route_North_1,GZB-ALJN,GZB,ALJN,70,52,49,39,84.7,0.12,Clear,Normal,8,68
2025-02-07,12301,Route_North_1,ALJN-CNB,ALJN,CNB,93,69,63,36,88.3,0.49,Clear,Normal,8,86
2025-02-07,12301,Route_North_1,CNB-LKO,CNB,LKO,123,92,80,30,91.6,0.25,Clear,Normal,7,110
2025-02-07,14163,Route_North_1,NDLS-GZB,NDLS,GZB,44,33,44,42,59.1,0.31,Clear,Normal,8,47
2025-02-07,14163,Route_North_1,GZB-ALJN,GZB,ALJN,70,52,67,53,62.0,0.81,Clear,Normal,4,68
2025-02-07,14163,Route_North_1,ALJN-CNB,ALJN,CNB,93,69,86,68,64.4,0.64,Clear,Normal,8,86
2025-02-07,14163,Route_North_1,CNB-LKO,CNB,LKO,123,92,109,85,67.6,0.47,Clear,Normal,7,110
2025-02-07,19031,Route_North_1,NDLS-GZB,NDLS,GZB,44,33,60,36,43.9,0.53,Clear,Normal,3,47
2025-02-07,19031,Route_North_1,GZB-ALJN,GZB,ALJN,70,52,86,63,48.7,0.52,Clear,Normal,2,68
2025-02-07,19031,Route_North_1,ALJN-CNB,ALJN,CNB,93,69,107,97,51.9,0.28,Clear,Normal,4,86
2025-02-07,19031,Route_North_1,CNB-LKO,CNB,LKO,123,92,149,135,49.4,0.63,Clear,Normal,6,110
2025-02-08,12004,Route_North_1,NDLS-GZB,NDLS,GZB,44,33,31,3,83.8,0.56,Clear,Normal,4,47
2025-02-08,12004,Route_North_1,GZB-ALJN,GZB,ALJN,70,52,45,1,92.6,0.84,Heavy Rain,Normal,2,68
2025-02-08,12004,Route_North_1,ALJN-CNB,ALJN,CNB,93,69,65,0,85.2,0.41,Clear,Normal,8,86
2025-02-08,12004,Route_North_1,CNB-LKO,CNB,LKO,123,92,83,0,88.2,0.71,Clear,Normal,7,110
2025-02-08,12301,Route_North_1,NDLS-GZB,NDLS,GZB,44,33,28,0,93.0,0.35,Clear,Normal,2,47
2025-02-08,12301,Route_North_1,GZB-ALJN,GZB,ALJN,70,52,47,0,88.2,0.89,Clear,Normal,6,68
2025-02-08,12301,Route_North_1,ALJN-CNB,ALJN,CNB,93,69,61,0,91.2,0.38,Clear,Normal,6,86
2025-02-08,12301,Route_North_1,CNB-LKO,CNB,LKO,123,92,75,0,97.6,0.75,Clear,Normal,2,110
2025-02-08,14163,Route_North_1,NDLS-GZB,NDLS,GZB,44,33,41,0,63.4,0.64,Clear,Normal,3,47
2025-02-08,14163,Route_North_1,GZB-ALJN,GZB,ALJN,70,52,68,8,61.1,0.82,Clear,Normal,5,68
2025-02-08,14163,Route_North_1,ALJN-CNB,ALJN,CNB,93,69,81,24,68.3,0.48,Clear,Normal,5,86
2025-02-08,14163,Route_North_1,CNB-LKO,CNB,LKO,123,92,104,36,70.8,0.39,Clear,Normal,2,110
2025-02-08,19031,Route_North_1,NDLS-GZB,NDLS,GZB,44,33,64,12,41.2,0.71,Clear,Normal,3,47
2025-02-08,19031,Route_North_1,GZB-ALJN,GZB,ALJN,70,52,89,43,47.0,0.55,Clear,Normal,4,68
2025-02-08,19031,Route_North_1,ALJN-CNB,ALJN,CNB,93,69,120,80,46.3,0.89,Clear,Normal,5,86
2025-02-08,19031,Route_North_1,CNB-LKO,CNB,LKO,123,92,146,131,50.4,0.58,Clear,Normal,4,110
2025-02-09,12004,Route_North_1,NDLS-GZB,NDLS,GZB,44,33,29,0,89.5,0.37,Heavy Rain,Normal,2,47
2025-02-09,12004,Route_North_1,GZB-ALJN,GZB,ALJN,70,52,50,0,83.4,0.92,Clear,Normal,7,68
2025-02-09,12004,Route_North_1,ALJN-CNB,ALJN,CNB,93,69,59,0,93.8,0.76,Clear,Normal,2,86
2025-02-09,12004,Route_North_1,CNB-LKO,CNB,LKO,123,92,81,0,90.4,0.87,Clear,Normal,5,110
2025-02-09,12301,Route_North_1,NDLS-GZB,NDLS,GZB,44,33,29,12,89.8,0.38,Clear,Normal,3,47
2025-02-09,12301,Route_North_1,GZB-ALJN,GZB,ALJN,70,52,45,8,92.1,0.45,Clear,Normal,4,68
2025-02-09,12301,Route_North_1,ALJN-CNB,ALJN,CNB,93,69,64,1,86.9,0.49,Clear,Normal,9,86
2025-02-09,12301,Route_North_1,CNB-LKO,CNB,LKO,123,92,80,0,91.6,0.43,Clear,Normal,7,110
2025-02-09,14163,Route_North_1,NDLS-GZB,NDLS,GZB,44,33,41,30,63.4,0.49,Clear,Normal,5,47
2025-02-09,14163,Route_North_1,GZB-ALJN,GZB,ALJN,70,52,70,38,59.3,0.95,Heavy Rain,Normal,4,68
2025-02-09,14163,Route_North_1,ALJN-CNB,ALJN,CNB,93,69,83,56,66.7,0.67,Heavy Rain,Normal,4,86
2025-02-09,14163,Route_North_1,CNB-LKO,CNB,LKO,123,92,106,70,69.5,0.64,Clear,Normal,2,110
2025-02-09,19031,Route_North_1,NDLS-GZB,NDLS,GZB,44,33,60,32,43.9,0.43,Clear,Normal,5,47
2025-02-09,19031,Route_North_1,GZB-ALJN,GZB,ALJN,70,52,79,59,53.0,0.19,Clear,Normal,2,68
2025-02-09,19031,Route_North_1,ALJN-CNB,ALJN,CNB,93,69,104,86,53.4,0.12,Clear,Normal,4,86
2025-02-09,19031,Route_North_1,CNB-LKO,CNB,LKO,123,92,141,121,52.2,0.19,Clear,Normal,7,110
2025-02-10,12004,Route_North_1,NDLS-GZB,NDLS,GZB,44,33,35,8,74.4,0.78,Clear,Normal,8,47
2025-02-10,12004,Route_North_1,GZB-ALJN,GZB,ALJN,70,52,49,10,85.1,0.85,Clear,Normal,6,68
2025-02-10,12004,Route_North_1,ALJN-CNB,ALJN,CNB,93,69,62,7,89.3,0.9,Clear,Normal,5,86
2025-02-10,12004,Route_North_1,CNB-LKO,CNB,LKO,123,92,80,0,91.5,0.18,Clear,Normal,4,110
2025-02-10,12301,Route_North_1,NDLS-GZB,NDLS,GZB,44,33,35,2,74.6,0.45,Clear,Normal,9,47
2025-02-10,12301,Route_North_1,GZB-ALJN,GZB,ALJN,70,52,47,4,88.2,0.53,Clear,Normal,6,68
2025-02-10,12301,Route_North_1,ALJN-CNB,ALJN,CNB,93,69,59,0,94.3,0.85,Clear,Normal,4,86
2025-02-10,12301,Route_North_1,CNB-LKO,CNB,LKO,123,92,76,0,96.3,0.74,Clear,Normal,3,110
2025-02-10,14163,Route_North_1,NDLS-GZB,NDLS,GZB,44,33,42,6,61.9,0.6,Clear,Normal,4,47
2025-02-10,14163,Route_North_1,GZB-ALJN,GZB,ALJN,70,52,73,15,56.9,1.0,Clear,Normal,6,68
2025-02-10,14163,Route_North_1,ALJN-CNB,ALJN,CNB,93,69,78,36,70.9,0.46,Clear,Normal,2,86
2025-02-10,14163,Route_North_1,CNB-LKO,CNB,LKO,123,92,111,45,66.4,0.39,Clear,Normal,9,110
2025-02-10,19031,Route_North_1,NDLS-GZB,NDLS,GZB,44,33,61,0,43.2,0.46,Clear,Normal,5,47
2025-02-10,19031,Route_North_1,GZB-ALJN,GZB,ALJN,70,52,100,28,41.9,0.92,Clear,Normal,8,68
2025-02-10,19031,Route_North_1,ALJN-CNB,ALJN,CNB,93,69,119,76,46.7,0.75,Clear,Normal,6,86
2025-02-10,19031,Route_North_1,CNB-LKO,CNB,LKO,123,92,154,126,47.8,0.77,Clear,Normal,8,110
2025-02-11,12004,Route_North_1,NDLS-GZB,NDLS,GZB,44,33,29,15,89.5,0.95,Clear,Normal,2,47
2025-02-11,12004,Route_North_1,GZB-ALJN,GZB,ALJN,70,52,48,11,86.9,0.18,Clear,Normal,5,68
2025-02-11,12004,Route_North_1,ALJN-CNB,ALJN,CNB,93,69,64,7,86.5,0.44,Clear,Normal,7,86
2025-02-11,12004,Route_North_1,CNB-LKO,CNB,LKO,123,92,80,2,91.5,0.5,Clear,Normal,4,110
2025-02-11,12301,Route_North_1,NDLS-GZB,NDLS,GZB,44,33,30,3,86.8,0.62,Clear,Normal,4,47
2025-02-11,12301,Route_North_1,GZB-ALJN,GZB,ALJN,70,52,49,0,84.7,0.5,Clear,Normal,8,68
2025-02-11,12301,Route_North_1,ALJN-CNB,ALJN,CNB,93,69,64,0,86.9,0.96,Clear,Normal,9,86
2025-02-11,12301,Route_North_1,CNB-LKO,CNB,LKO,123,92,75,0,97.6,0.1,Clear,Normal,2,110
2025-02-11,14163,Route_North_1,NDLS-GZB,NDLS,GZB,44,33,45,21,57.8,0.12,Clear,Normal,9,47
2025-02-11,14163,Route_North_1,GZB-ALJN,GZB,ALJN,70,52,67,33,62.0,0.88,Clear,Normal,3,68
2025-02-11,14163,Route_North_1,ALJN-CNB,ALJN,CNB,93,69,79,48,70.0,0.42,Clear,Normal,3,86
2025-02-11,14163,Route_North_1,CNB-LKO,CNB,LKO,123,92,110,58,67.0,0.58,Clear,Normal,7,110
2025-02-11,19031,Route_North_1,NDLS-GZB,NDLS,GZB,44,33,63,0,41.8,0.71,Heavy Rain,Normal,2,47
2025-02-11,19031,Route_North_1,GZB-ALJN,GZB,ALJN,70,52,164,30,25.6,0.76,Clear,Cattle Runover,6,68
2025-02-11,19031,Route_North_1,ALJN-CNB,ALJN,CNB,93,69,119,142,46.7,0.78,Clear,Normal,6,86
2025-02-11,19031,Route_North_1,CNB-LKO,CNB,LKO,123,92,153,192,48.1,0.9,Clear,Normal,4,110
2025-02-12,12004,Route_North_1,NDLS-GZB,NDLS,GZB,44,33,34,0,76.5,0.47,Clear,Normal,7,47
2025-02-12,12004,Route_North_1,GZB-ALJN,GZB,ALJN,70,52,50,1,83.4,0.59,Heavy Rain,Normal,7,68
2025-02-12,12004,Route_North_1,ALJN-CNB,ALJN,CNB,93,69,63,0,87.9,0.17,Clear,Normal,6,86
2025-02-12,12004,Route_North_1,CNB-LKO,CNB,LKO,123,92,78,0,93.8,0.71,Clear,Normal,2,110
2025-02-12,12301,Route_North_1,NDLS-GZB,NDLS,GZB,44,33,31,14,84.1,0.74,Clear,Normal,5,47
2025-02-12,12301,Route_North_1,GZB-ALJN,GZB,ALJN,70,52,49,12,84.7,0.7,Clear,Normal,8,68
2025-02-12,12301,Route_North_1,ALJN-CNB,ALJN,CNB,93,69,62,9,89.7,0.82,Clear,Normal,7,86
2025-02-12,12301,Route_North_1,CNB-LKO,CNB,LKO,123,92,81,2,90.4,0.12,Clear,Normal,8,110
2025-02-12,14163,Route_North_1,NDLS-GZB,NDLS,GZB,44,33,44,0,59.1,0.64,Clear,Normal,6,47
2025-02-12,14163,Route_North_1,GZB-ALJN,GZB,ALJN,70,52,65,11,63.9,0.27,Clear,Normal,8,68
2025-02-12,14163,Route_North_1,ALJN-CNB,ALJN,CNB,93,69,87,24,63.7,0.63,Clear,Normal,9,86
2025-02-12,14163,Route_North_1,CNB-LKO,CNB,LKO,123,92,106,42,69.5,0.57,Clear,Normal,3,110
2025-02-12,19031,Route_North_1,NDLS-GZB,NDLS,GZB,44,33,70,7,37.6,0.82,Clear,Normal,7,47
2025-02-12,19031,Route_North_1,GZB-ALJN,GZB,ALJN,70,52,101,44,41.5,0.93,Clear,Normal,9,68
2025-02-12,19031,Route_North_1,ALJN-CNB,ALJN,CNB,93,69,108,93,51.4,0.36,Clear,Normal,3,86
2025-02-12,19031,Route_North_1,CNB-LKO,CNB,LKO,123,92,139,132,52.9,0.34,Clear,Normal,2,110
2025-02-13,12004,Route_North_1,NDLS-GZB,NDLS,GZB,44,33,30,0,86.6,0.16,Clear,Normal,3,47
2025-02-13,12004,Route_North_1,GZB-ALJN,GZB,ALJN,70,52,52,0,80.3,0.95,Clear,Normal,9,68
2025-02-13,12004,Route_North_1,ALJN-CNB,ALJN,CNB,93,69,61,0,90.7,0.42,Clear,Normal,4,86
2025-02-13,12004,Route_North_1,CNB-LKO,CNB,LKO,123,92,79,0,92.6,0.61,Clear,Normal,3,110
2025-02-13,12301,Route_North_1,NDLS-GZB,NDLS,GZB,44,33,35,10,74.6,0.92,Clear,Normal,9,47
2025-02-13,12301,Route_North_1,GZB-ALJN,GZB,ALJN,70,52,49,12,84.7,0.2,Clear,Normal,8,68
2025-02-13,12301,Route_North_1,ALJN-CNB,ALJN,CNB,93,69,64,9,86.9,0.67,Clear,Normal,9,86
2025-02-13,12301,Route_North_1,CNB-LKO,CNB,LKO,123,92,77,4,95.1,0.33,Clear,Normal,4,110
2025-02-13,14163,Route_North_1,NDLS-GZB,NDLS,GZB,44,33,47,13,55.4,0.73,Clear,Normal,7,47
2025-02-13,14163,Route_North_1,GZB-ALJN,GZB,ALJN,70,52,66,27,62.9,0.67,Clear,Normal,6,68
2025-02-13,14163,Route_North_1,ALJN-CNB,ALJN,CNB,93,69,90,41,61.5,0.96,Heavy Rain,Normal,5,86
2025-02-13,14163,Route_North_1,CNB-LKO,CNB,LKO,123,92,111,62,66.4,0.2,Clear,Normal,9,110
2025-02-13,19031,Route_North_1,NDLS-GZB,NDLS,GZB,44,33,52,11,50.6,0.15,Clear,Normal,2,47
2025-02-13,19031,Route_North_1,GZB-ALJN,GZB,ALJN,70,52,86,30,48.7,0.47,Clear,Normal,3,68
2025-02-13,19031,Route_North_1,ALJN-CNB,ALJN,CNB,93,69,117,64,47.5,0.53,Clear,Normal,9,86
2025-02-13,19031,Route_North_1,CNB-LKO,CNB,LKO,123,92,152,112,48.4,0.78,Clear,Normal,6,110
2025-02-14,12004,Route_North_1,NDLS-GZB,NDLS,GZB,44,33,32,0,81.2,0.38,Clear,Normal,5,47
2025-02-14,12004,Route_North_1,GZB-ALJN,GZB,ALJN,70,52,45,0,92.6,0.52,Clear,Normal,2,68
2025-02-14,12004,Route_North_1,ALJN-CNB,ALJN,CNB,93,69,59,0,93.8,0.43,Clear,Normal,2,86
2025-02-14,12004,Route_North_1,CNB-LKO,CNB,LKO,123,92,84,0,87.2,0.59,Clear,Normal,8,110
2025-02-14,12301,Route_North_1,NDLS-GZB,NDLS,GZB,44,33,35,1,74.6,0.44,Clear,Normal,9,47
2025-02-14,12301,Route_North_1,GZB-ALJN,GZB,ALJN,70,52,45,3,92.1,0.95,Clear,Normal,4,68
2025-02-14,12301,Route_North_1,ALJN-CNB,ALJN,CNB,93,69,62,0,89.7,0.58,Clear,Normal,7,86
2025-02-14,12301,Route_North_1,CNB-LKO,CNB,LKO,123,92,76,0,96.3,0.89,Clear,Normal,3,110
2025-02-14,14163,Route_North_1,NDLS-GZB,NDLS,GZB,44,33,51,50,51.1,0.8,Clear,Normal,9,47
2025-02-14,14163,Route_North_1,GZB-ALJN,GZB,ALJN,70,52,62,68,66.9,0.62,Clear,Normal,3,68
2025-02-14,14163,Route_North_1,ALJN-CNB,ALJN,CNB,93,69,83,78,66.7,0.21,Clear,Normal,7,86
2025-02-14,14163,Route_North_1,CNB-LKO,CNB,LKO,123,92,110,92,67.0,0.41,Clear,Normal,8,110
2025-02-14,19031,Route_North_1,NDLS-GZB,NDLS,GZB,44,33,64,14,41.2,0.43,Clear,Normal,9,47
2025-02-14,19031,Route_North_1,GZB-ALJN,GZB,ALJN,70,52,90,45,46.5,0.59,Clear,Normal,5,68
2025-02-14,19031,Route_North_1,ALJN-CNB,ALJN,CNB,93,69,118,83,47.1,0.91,Clear,Normal,2,86
2025-02-14,19031,Route_North_1,CNB-LKO,CNB,LKO,123,92,140,132,52.6,0.29,Clear,Normal,4,110
2025-02-15,12004,Route_North_1,NDLS-GZB,NDLS,GZB,44,33,35,2,74.4,0.54,Clear,Normal,8,47
2025-02-15,12004,Route_North_1,GZB-ALJN,GZB,ALJN,70,52,52,4,80.3,0.62,Clear,Normal,9,68
2025-02-15,12004,Route_North_1,ALJN-CNB,ALJN,CNB,93,69,60,4,92.2,0.99,Clear,Normal,3,86
2025-02-15,12004,Route_North_1,CNB-LKO,CNB,LKO,123,92,78,0,93.8,0.8,Clear,Normal,2,110
2025-02-15,12301,Route_North_1,NDLS-GZB,NDLS,GZB,44,33,29,6,89.8,0.23,Clear,Normal,3,47
2025-02-15,12301,Route_North_1,GZB-ALJN,GZB,ALJN,70,52,47,2,88.2,0.35,Clear,Normal,6,68
2025-02-15,12301,Route_North_1,ALJN-CNB,ALJN,CNB,93,69,60,0,92.7,0.45,Clear,Normal,5,86
2025-02-15,12301,Route_North_1,CNB-LKO,CNB,LKO,123,92,80,0,91.6,0.95,Clear,Normal,7,110
2025-02-15,14163,Route_North_1,NDLS-GZB,NDLS,GZB,44,33,38,4,68.3,0.16,Clear,Normal,2,47
2025-02-15,14163,Route_North_1,GZB-ALJN,GZB,ALJN,70,52,66,9,62.9,0.31,Clear,Normal,9,68
2025-02-15,14163,Route_North_1,ALJN-CNB,ALJN,CNB,93,69,85,23,65.1,0.58,Clear,Normal,8,86
2025-02-15,14163,Route_North_1,CNB-LKO,CNB,LKO,123,92,118,39,62.4,0.97,Clear,Normal,7,110
2025-02-15,19031,Route_North_1,NDLS-GZB,NDLS,GZB,44,33,60,0,43.9,0.51,Clear,Normal,3,47
2025-02-15,19031,Route_North_1,GZB-ALJN,GZB,ALJN,70,52,93,27,45.0,0.6,Clear,Normal,7,68
2025-02-15,19031,Route_North_1,ALJN-CNB,ALJN,CNB,93,69,102,68,54.4,0.14,Clear,Normal,2,86
2025-02-15,19031,Route_North_1,CNB-LKO,CNB,LKO,123,92,150,101,49.1,0.57,Clear,Normal,8,110
2025-02-16,12004,Route_North_1,NDLS-GZB,NDLS,GZB,44,33,35,10,74.4,0.63,Clear,Normal,8,47
2025-02-16,12004,Route_North_1,GZB-ALJN,GZB,ALJN,70,52,48,12,86.9,0.11,Clear,Normal,5,68
2025-02-16,12004,Route_North_1,ALJN-CNB,ALJN,CNB,93,69,61,8,90.7,0.95,Clear,Normal,4,86
2025-02-16,12004,Route_North_1,CNB-LKO,CNB,LKO,123,92,85,0,86.1,0.97,Clear,Normal,9,110
2025-02-16,12301,Route_North_1,NDLS-GZB,NDLS,GZB,44,33,34,16,76.7,0.75,Clear,Normal,8,47
2025-02-16,12301,Route_North_1,GZB-ALJN,GZB,ALJN,70,52,46,17,90.1,0.8,Clear,Normal,5,68
2025-02-16,12301,Route_North_1,ALJN-CNB,ALJN,CNB,93,69,57,11,97.6,0.55,Clear,Normal,2,86
2025-02-16,12301,Route_North_1,CNB-LKO,CNB,LKO,123,92,78,0,93.9,0.44,Clear,Normal,5,110
2025-02-16,14163,Route_North_1,NDLS-GZB,NDLS,GZB,44,33,52,22,50.1,0.86,Clear,Normal,9,47
2025-02-16,14163,Route_North_1,GZB-ALJN,GZB,ALJN,70,52,63,41,65.9,0.32,Clear,Normal,6,68
2025-02-16,14163,Route_North_1,ALJN-CNB,ALJN,CNB,93,69,78,52,70.9,0.21,Clear,Normal,2,86
2025-02-16,14163,Route_North_1,CNB-LKO,CNB,LKO,123,92,113,61,65.2,0.96,Clear,Normal,2,110
2025-02-16,19031,Route_North_1,NDLS-GZB,NDLS,GZB,44,33,60,0,43.9,0.43,Heavy Rain,Normal,5,47
2025-02-16,19031,Route_North_1,GZB-ALJN,GZB,ALJN,70,52,85,27,49.2,0.15,Clear,Normal,8,68
2025-02-16,19031,Route_North_1,ALJN-CNB,ALJN,CNB,93,69,119,60,46.7,0.81,Clear,Normal,5,86
2025-02-16,19031,Route_North_1,CNB-LKO,CNB,LKO,123,92,142,110,51.8,0.47,Clear,Normal,2,110
2025-02-17,12004,Route_North_1,NDLS-GZB,NDLS,GZB,44,33,31,0,83.8,0.56,Clear,Normal,4,47
2025-02-17,12004,Route_North_1,GZB-ALJN,GZB,ALJN,70,52,50,0,83.4,0.96,Clear,Normal,7,68
2025-02-17,12004,Route_North_1,ALJN-CNB,ALJN,CNB,93,69,63,0,87.9,0.96,Clear,Normal,6,86
2025-02-17,12004,Route_North_1,CNB-LKO,CNB,LKO,123,92,81,0,90.4,0.48,Clear,Normal,5,110
2025-02-17,12301,Route_North_1,NDLS-GZB,NDLS,GZB,44,33,34,0,76.7,0.42,Clear,Normal,8,47
2025-02-17,12301,Route_North_1,GZB-ALJN,GZB,ALJN,70,52,48,1,86.4,0.46,Clear,Normal,7,68
2025-02-17,12301,Route_North_1,ALJN-CNB,ALJN,CNB,93,69,60,0,92.7,0.55,Clear,Normal,5,86
2025-02-17,12301,Route_North_1,CNB-LKO,CNB,LKO,123,92,82,0,89.3,0.37,Clear,Normal,9,110
2025-02-17,14163,Route_North_1,NDLS-GZB,NDLS,GZB,44,33,51,2,51.1,0.95,Clear,Normal,6,47
2025-02-17,14163,Route_North_1,GZB-ALJN,GZB,ALJN,70,52,71,20,58.5,0.84,Clear,Normal,8,68
2025-02-17,14163,Route_North_1,ALJN-CNB,ALJN,CNB,93,69,84,39,65.9,0.79,Clear,Normal,3,86
2025-02-17,14163,Route_North_1,CNB-LKO,CNB,LKO,123,92,108,54,68.2,0.52,Clear,Normal,6,110
2025-02-17,19031,Route_North_1,NDLS-GZB,NDLS,GZB,44,33,56,18,47.0,0.13,Clear,Normal,7,47
2025-02-17,19031,Route_North_1,GZB-ALJN,GZB,ALJN,70,52,91,41,46.0,0.63,Clear,Normal,5,68
2025-02-17,19031,Route_North_1,ALJN-CNB,ALJN,CNB,93,69,125,80,44.4,0.98,Clear,Normal,8,86
2025-02-17,19031,Route_North_1,CNB-LKO,CNB,LKO,123,92,149,136,49.4,0.49,Clear,Normal,9,110
2025-02-18,12004,Route_North_1,NDLS-GZB,NDLS,GZB,44,33,34,34,76.5,0.37,Clear,Normal,7,47
2025-02-18,12004,Route_North_1,GZB-ALJN,GZB,ALJN,70,52,45,35,92.6,0.34,Clear,Normal,2,68
2025-02-18,12004,Route_North_1,ALJN-CNB,ALJN,CNB,93,69,65,28,85.2,0.83,Clear,Normal,8,86
2025-02-18,12004,Route_North_1,CNB-LKO,CNB,LKO,123,92,85,24,86.1,0.59,Clear,Normal,9,110
2025-02-18,12301,Route_North_1,NDLS-GZB,NDLS,GZB,44,33,29,26,89.8,0.59,Clear,Normal,3,47
2025-02-18,12301,Route_North_1,GZB-ALJN,GZB,ALJN,70,52,43,22,96.3,0.57,Heavy Rain,Normal,2,68
2025-02-18,12301,Route_North_1,ALJN-CNB,ALJN,CNB,93,69,60,13,92.7,0.34,Clear,Normal,5,86
2025-02-18,12301,Route_North_1,CNB-LKO,CNB,LKO,123,92,79,4,92.7,0.22,Clear,Normal,6,110
2025-02-18,14163,Route_North_1,NDLS-GZB,NDLS,GZB,44,33,53,10,49.2,0.94,Clear,Normal,9,47
2025-02-18,14163,Route_North_1,GZB-ALJN,GZB,ALJN,70,52,64,30,64.8,0.19,Clear,Normal,7,68
2025-02-18,14163,Route_North_1,ALJN-CNB,ALJN,CNB,93,69,88,42,62.9,0.76,Clear,Normal,7,86
2025-02-18,14163,Route_North_1,CNB-LKO,CNB,LKO,123,92,104,61,70.8,0.15,Clear,Normal,2,110
2025-02-18,19031,Route_North_1,NDLS-GZB,NDLS,GZB,44,33,70,0,37.6,0.98,Clear,Normal,4,47
2025-02-18,19031,Route_North_1,GZB-ALJN,GZB,ALJN,70,52,94,37,44.5,0.7,Clear,Normal,6,68
2025-02-18,19031,Route_North_1,ALJN-CNB,ALJN,CNB,93,69,114,79,48.7,0.44,Clear,Normal,8,86
2025-02-18,19031,Route_North_1,CNB-LKO,CNB,LKO,123,92,151,124,48.7,0.92,Clear,Normal,2,110
2025-02-19,12004,Route_North_1,NDLS-GZB,NDLS,GZB,44,33,29,8,89.5,0.84,Clear,Normal,2,47
2025-02-19,12004,Route_North_1,GZB-ALJN,GZB,ALJN,70,52,49,4,85.1,0.49,Clear,Normal,6,68
2025-02-19,12004,Route_North_1,ALJN-CNB,ALJN,CNB,93,69,66,1,83.9,0.26,Clear,Normal,9,86
2025-02-19,12004,Route_North_1,CNB-LKO,CNB,LKO,123,92,80,0,91.5,0.3,Clear,Normal,4,110
2025-02-19,12301,Route_North_1,NDLS-GZB,NDLS,GZB,44,33,34,19,76.7,0.38,Clear,Normal,8,47
2025-02-19,12301,Route_North_1,GZB-ALJN,GZB,ALJN,70,52,50,20,83.0,0.55,Clear,Normal,9,68
2025-02-19,12301,Route_North_1,ALJN-CNB,ALJN,CNB,93,69,64,18,86.9,0.61,Clear,Normal,9,86
2025-02-19,12301,Route_North_1,CNB-LKO,CNB,LKO,123,92,82,13,89.3,0.32,Clear,Normal,9,110
2025-02-19,14163,Route_North_1,NDLS-GZB,NDLS,GZB,44,33,38,11,68.3,0.42,Clear,Normal,2,47
2025-02-19,14163,Route_North_1,GZB-ALJN,GZB,ALJN,70,52,70,16,59.3,0.89,Clear,Normal,6,68
2025-02-19,14163,Route_North_1,ALJN-CNB,ALJN,CNB,93,69,85,34,65.1,0.36,Clear,Normal,9,86
2025-02-19,14163,Route_North_1,CNB-LKO,CNB,LKO,123,92,109,50,67.6,0.16,Clear,Normal,7,110
2025-02-19,19031,Route_North_1,NDLS-GZB,NDLS,GZB,44,33,67,0,39.3,0.68,Clear,Normal,7,47
2025-02-19,19031,Route_North_1,GZB-ALJN,GZB,ALJN,70,52,99,34,42.3,0.8,Clear,Normal,9,68
2025-02-19,19031,Route_North_1,ALJN-CNB,ALJN,CNB,93,69,108,81,51.4,0.35,Clear,Normal,3,86
2025-02-19,19031,Route_North_1,CNB-LKO,CNB,LKO,123,92,140,120,52.6,0.11,Clear,Normal,7,110
2025-02-20,12004,Route_North_1,NDLS-GZB,NDLS,GZB,44,33,33,0,78.8,0.46,Clear,Normal,6,47
2025-02-20,12004,Route_North_1,GZB-ALJN,GZB,ALJN,70,52,45,0,92.6,0.28,Clear,Normal,2,68
2025-02-20,12004,Route_North_1,ALJN-CNB,ALJN,CNB,93,69,59,0,93.8,0.28,Clear,Normal,2,86
2025-02-20,12004,Route_North_1,CNB-LKO,CNB,LKO,123,92,83,0,88.2,0.59,Clear,Normal,7,110
2025-02-20,12301,Route_North_1,NDLS-GZB,NDLS,GZB,44,33,32,11,81.5,0.17,Clear,Normal,6,47
2025-02-20,12301,Route_North_1,GZB-ALJN,GZB,ALJN,70,52,46,10,90.1,0.49,Clear,Normal,5,68
2025-02-20,12301,Route_North_1,ALJN-CNB,ALJN,CNB,93,69,62,4,89.7,0.68,Clear,Normal,7,86
2025-02-20,12301,Route_North_1,CNB-LKO,CNB,LKO,123,92,77,0,95.1,0.44,Clear,Normal,4,110
2025-02-20,14163,Route_North_1,NDLS-GZB,NDLS,GZB,44,33,41,33,63.4,0.34,Clear,Normal,5,47
2025-02-20,14163,Route_North_1,GZB-ALJN,GZB,ALJN,70,52,59,41,70.3,0.21,Heavy Rain,Normal,2,68
2025-02-20,14163,Route_North_1,ALJN-CNB,ALJN,CNB,93,69,90,48,61.5,0.76,Clear,Normal,9,86
2025-02-20,14163,Route_North_1,CNB-LKO,CNB,LKO,123,92,112,69,65.8,0.66,Heavy Rain,Normal,7,110
2025-02-20,19031,Route_North_1,NDLS-GZB,NDLS,GZB,44,33,54,30,48.8,0.11,Clear,Normal,5,47
2025-02-20,19031,Route_North_1,GZB-ALJN,GZB,ALJN,70,52,96,51,43.6,0.95,Clear,Normal,3,68
2025-02-20,19031,Route_North_1,ALJN-CNB,ALJN,CNB,93,69,112,95,49.6,0.27,Clear,Normal,9,86
2025-02-20,19031,Route_North_1,CNB-LKO,CNB,LKO,123,92,146,138,50.4,0.55,Clear,Normal,4,110
2025-02-21,12004,Route_North_1,NDLS-GZB,NDLS,GZB,44,33,35,0,74.4,0.49,Clear,Normal,8,47
2025-02-21,12004,Route_North_1,GZB-ALJN,GZB,ALJN,70,52,47,2,88.7,0.49,Clear,Normal,4,68
2025-02-21,12004,Route_North_1,ALJN-CNB,ALJN,CNB,93,69,60,0,92.2,0.67,Clear,Normal,3,86
2025-02-21,12004,Route_North_1,CNB-LKO,CNB,LKO,123,92,82,0,89.3,0.69,Clear,Normal,6,110
2025-02-21,12301,Route_North_1,NDLS-GZB,NDLS,GZB,44,33,34,7,76.7,0.11,Clear,Normal,8,47
2025-02-21,12301,Route_North_1,GZB-ALJN,GZB,ALJN,70,52,44,8,94.2,0.17,Clear,Normal,3,68
2025-02-21,12301,Route_North_1,ALJN-CNB,ALJN,CNB,93,69,58,0,95.9,0.76,Clear,Normal,3,86
2025-02-21,12301,Route_North_1,CNB-LKO,CNB,LKO,123,92,81,0,90.4,0.43,Clear,Normal,8,110
2025-02-21,14163,Route_North_1,NDLS-GZB,NDLS,GZB,44,33,44,18,59.1,0.59,Clear,Normal,7,47
2025-02-21,14163,Route_North_1,GZB-ALJN,GZB,ALJN,70,52,61,29,68.0,0.33,Clear,Normal,4,68
2025-02-21,14163,Route_North_1,ALJN-CNB,ALJN,CNB,93,69,78,38,70.9,0.43,Clear,Normal,2,86
2025-02-21,14163,Route_North_1,CNB-LKO,CNB,LKO,123,92,107,47,68.8,0.4,Clear,Normal,5,110
2025-02-21,19031,Route_North_1,NDLS-GZB,NDLS,GZB,44,33,70,19,37.6,0.7,Clear,Normal,9,47
2025-02-21,19031,Route_North_1,GZB-ALJN,GZB,ALJN,70,52,95,56,44.1,0.89,Clear,Normal,4,68
2025-02-21,19031,Route_North_1,ALJN-CNB,ALJN,CNB,93,69,113,99,49.1,0.5,Clear,Normal,5,86
2025-02-21,19031,Route_North_1,CNB-LKO,CNB,LKO,123,92,148,143,49.7,0.48,Clear,Normal,8,110
2025-02-22,12004,Route_North_1,NDLS-GZB,NDLS,GZB,44,33,33,0,78.8,0.55,Heavy Rain,Normal,6,47
2025-02-22,12004,Route_North_1,GZB-ALJN,GZB,ALJN,70,52,45,0,92.6,0.29,Clear,Normal,2,68
2025-02-22,12004,Route_North_1,ALJN-CNB,ALJN,CNB,93,69,59,0,93.8,0.69,Clear,Normal,2,86
2025-02-22,12004,Route_North_1,CNB-LKO,CNB,LKO,123,92,78,0,93.8,0.56,Clear,Normal,2,110
2025-02-22,12301,Route_North_1,NDLS-GZB,NDLS,GZB,44,33,32,0,81.5,0.89,Clear,Normal,6,47
2025-02-22,12301,Route_North_1,GZB-ALJN,GZB,ALJN,70,52,43,0,96.3,0.83,Clear,Normal,2,68
2025-02-22,12301,Route_North_1,ALJN-CNB,ALJN,CNB,93,69,63,0,88.3,0.56,Clear,Normal,8,86
2025-02-22,12301,Route_North_1,CNB-LKO,CNB,LKO,123,92,82,0,89.3,0.17,Clear,Normal,9,110
2025-02-22,14163,Route_North_1,NDLS-GZB,NDLS,GZB,44,33,39,0,66.6,0.39,Clear,Normal,3,47
2025-02-22,14163,Route_North_1,GZB-ALJN,GZB,ALJN,70,52,59,6,70.3,0.31,Clear,Normal,2,68
2025-02-22,14163,Route_North_1,ALJN-CNB,ALJN,CNB,93,69,82,13,67.5,0.6,Clear,Normal,4,86
2025-02-22,14163,Route_North_1,CNB-LKO,CNB,LKO,123,92,116,26,63.5,0.82,Clear,Normal,8,110
2025-02-22,19031,Route_North_1,NDLS-GZB,NDLS,GZB,44,33,64,30,41.2,0.77,Clear,Normal,2,47
2025-02-22,19031,Route_North_1,GZB-ALJN,GZB,ALJN,70,52,92,61,45.5,0.51,Heavy Rain,Normal,8,68
2025-02-22,19031,Route_North_1,ALJN-CNB,ALJN,CNB,93,69,112,101,49.6,0.31,Clear,Normal,8,86
2025-02-22,19031,Route_North_1,CNB-LKO,CNB,LKO,123,92,154,144,47.8,0.88,Clear,Normal,6,110
2025-02-23,12004,Route_North_1,NDLS-GZB,NDLS,GZB,44,33,31,12,83.8,0.12,Clear,Normal,4,47
2025-02-23,12004,Route_North_1,GZB-ALJN,GZB,ALJN,70,52,51,10,81.8,0.21,Clear,Normal,8,68
2025-02-23,12004,Route_North_1,ALJN-CNB,ALJN,CNB,93,69,62,9,89.3,0.57,Clear,Normal,5,86
2025-02-23,12004,Route_North_1,CNB-LKO,CNB,LKO,123,92,84,2,87.2,0.32,Clear,Normal,8,110
2025-02-23,12301,Route_North_1,NDLS-GZB,NDLS,GZB,44,33,35,44,74.6,0.96,Clear,Normal,9,47
2025-02-23,12301,Route_North_1,GZB-ALJN,GZB,ALJN,70,52,43,46,96.3,0.78,Clear,Normal,2,68
2025-02-23,12301,Route_North_1,ALJN-CNB,ALJN,CNB,93,69,57,37,97.6,0.73,Clear,Normal,2,86
2025-02-23,12301,Route_North_1,CNB-LKO,CNB,LKO,123,92,75,25,97.6,0.59,Clear,Normal,2,110
2025-02-23,14163,Route_North_1,NDLS-GZB,NDLS,GZB,44,33,42,20,61.9,0.21,Clear,Normal,6,47
2025-02-23,14163,Route_North_1,GZB-ALJN,GZB,ALJN,70,52,64,29,64.8,0.56,Clear,Normal,6,68
2025-02-23,14163,Route_North_1,ALJN-CNB,ALJN,CNB,93,69,78,41,70.9,0.28,Clear,Normal,2,86
2025-02-23,14163,Route_North_1,CNB-LKO,CNB,LKO,123,92,109,50,67.6,0.65,Clear,Normal,4,110
2025-02-23,19031,Route_North_1,NDLS-GZB,NDLS,GZB,44,33,65,54,40.5,0.6,Clear,Normal,6,47
2025-02-23,19031,Route_North_1,GZB-ALJN,GZB,ALJN,70,52,98,86,42.7,0.89,Clear,Normal,7,68
2025-02-23,19031,Route_North_1,ALJN-CNB,ALJN,CNB,93,69,117,132,47.5,0.85,Clear,Normal,2,86
2025-02-23,19031,Route_North_1,CNB-LKO,CNB,LKO,123,92,142,180,51.8,0.21,Clear,Normal,7,110
2025-02-24,12004,Route_North_1,NDLS-GZB,NDLS,GZB,44,33,31,5,83.8,0.89,Clear,Normal,4,47
2025-02-24,12004,Route_North_1,GZB-ALJN,GZB,ALJN,70,52,46,3,90.6,0.68,Heavy Rain,Normal,3,68
2025-02-24,12004,Route_North_1,ALJN-CNB,ALJN,CNB,93,69,64,0,86.5,0.16,Clear,Normal,7,86
2025-02-24,12004,Route_North_1,CNB-LKO,CNB,LKO,123,92,84,0,87.2,0.77,Clear,Normal,8,110
2025-02-24,12301,Route_North_1,NDLS-GZB,NDLS,GZB,44,33,29,38,89.8,0.17,Clear,Normal,3,47
2025-02-24,12301,Route_North_1,GZB-ALJN,GZB,ALJN,70,52,47,34,88.2,0.31,Clear,Normal,6,68
2025-02-24,12301,Route_North_1,ALJN-CNB,ALJN,CNB,93,69,62,29,89.7,0.3,Clear,Normal,7,86
2025-02-24,12301,Route_North_1,CNB-LKO,CNB,LKO,123,92,78,22,93.9,0.74,Clear,Normal,5,110
2025-02-24,14163,Route_North_1,NDLS-GZB,NDLS,GZB,44,33,40,45,64.9,0.11,Clear,Normal,4,47
2025-02-24,14163,Route_North_1,GZB-ALJN,GZB,ALJN,70,52,65,52,63.9,0.44,Clear,Normal,8,68
2025-02-24,14163,Route_North_1,ALJN-CNB,ALJN,CNB,93,69,79,65,70.0,0.59,Clear,Normal,2,86
2025-02-24,14163,Route_North_1,CNB-LKO,CNB,LKO,123,92,112,75,65.8,0.59,Clear,Normal,9,110
2025-02-24,19031,Route_North_1,NDLS-GZB,NDLS,GZB,44,33,60,4,43.9,0.57,Clear,Normal,2,47
2025-02-24,19031,Route_North_1,GZB-ALJN,GZB,ALJN,70,52,92,31,45.5,0.74,Heavy Rain,Normal,4,68
2025-02-24,19031,Route_North_1,ALJN-CNB,ALJN,CNB,93,69,122,71,45.5,0.9,Clear,Normal,6,86
2025-02-24,19031,Route_North_1,CNB-LKO,CNB,LKO,123,92,149,124,49.4,0.64,Clear,Normal,6,110
2025-02-25,12004,Route_North_1,NDLS-GZB,NDLS,GZB,44,33,30,25,86.6,0.24,Clear,Normal,3,47
2025-02-25,12004,Route_North_1,GZB-ALJN,GZB,ALJN,70,52,52,22,80.3,0.45,Clear,Normal,9,68
2025-02-25,12004,Route_North_1,ALJN-CNB,ALJN,CNB,93,69,64,22,86.5,0.29,Clear,Normal,7,86
2025-02-25,12004,Route_North_1,CNB-LKO,CNB,LKO,123,92,85,17,86.1,0.77,Clear,Normal,9,110
2025-02-25,12301,Route_North_1,NDLS-GZB,NDLS,GZB,44,33,29,16,89.8,0.44,Clear,Normal,3,47
2025-02-25,12301,Route_North_1,GZB-ALJN,GZB,ALJN,70,52,48,12,86.4,0.49,Clear,Normal,7,68
2025-02-25,12301,Route_North_1,ALJN-CNB,ALJN,CNB,93,69,62,8,89.7,0.95,Clear,Normal,7,86
2025-02-25,12301,Route_North_1,CNB-LKO,CNB,LKO,123,92,79,1,92.7,0.84,Clear,Normal,6,110
2025-02-25,14163,Route_North_1,NDLS-GZB,NDLS,GZB,44,33,48,0,54.2,0.7,Clear,Normal,8,47
2025-02-25,14163,Route_North_1,GZB-ALJN,GZB,ALJN,70,52,75,15,55.4,0.98,Clear,Normal,9,68
2025-02-25,14163,Route_North_1,ALJN-CNB,ALJN,CNB,93,69,81,38,68.3,0.43,Clear,Normal,5,86
2025-02-25,14163,Route_North_1,CNB-LKO,CNB,LKO,123,92,108,50,68.2,0.34,Clear,Normal,6,110
2025-02-25,19031,Route_North_1,NDLS-GZB,NDLS,GZB,44,33,68,24,38.7,0.6,Clear,Normal,9,47
2025-02-25,19031,Route_North_1,GZB-ALJN,GZB,ALJN,70,52,90,59,46.5,0.49,Clear,Normal,7,68
2025-02-25,19031,Route_North_1,ALJN-CNB,ALJN,CNB,93,69,125,97,44.4,0.91,Clear,Normal,9,86
2025-02-25,19031,Route_North_1,CNB-LKO,CNB,LKO,123,92,148,153,49.7,0.77,Clear,Normal,2,110
2025-02-26,12004,Route_North_1,NDLS-GZB,NDLS,GZB,44,33,35,0,74.4,0.39,Clear,Normal,8,47
2025-02-26,12004,Route_North_1,GZB-ALJN,GZB,ALJN,70,52,47,2,88.7,0.11,Clear,Normal,4,68
2025-02-26,12004,Route_North_1,ALJN-CNB,ALJN,CNB,93,69,59,0,93.8,0.47,Clear,Normal,2,86
2025-02-26,12004,Route_North_1,CNB-LKO,CNB,LKO,123,92,83,0,88.2,0.86,Clear,Normal,7,110
2025-02-26,12301,Route_North_1,NDLS-GZB,NDLS,GZB,44,33,30,12,86.8,0.69,Clear,Normal,4,47
2025-02-26,12301,Route_North_1,GZB-ALJN,GZB,ALJN,70,52,43,9,96.3,0.92,Heavy Rain,Normal,2,68
2025-02-26,12301,Route_North_1,ALJN-CNB,ALJN,CNB,93,69,59,0,94.3,0.85,Clear,Normal,4,86
2025-02-26,12301,Route_North_1,CNB-LKO,CNB,LKO,123,92,79,0,92.7,0.47,Heavy Rain,Normal,6,110
2025-02-26,14163,Route_North_1,NDLS-GZB,NDLS,GZB,44,33,39,42,66.6,0.5,Clear,Normal,3,47
2025-02-26,14163,Route_North_1,GZB-ALJN,GZB,ALJN,70,52,67,48,62.0,0.61,Clear,Normal,8,68
2025-02-26,14163,Route_North_1,ALJN-CNB,ALJN,CNB,93,69,82,63,67.5,0.41,Clear,Normal,6,86
2025-02-26,14163,Route_North_1,CNB-LKO,CNB,LKO,123,92,105,76,70.1,0.5,Clear,Normal,3,110
2025-02-26,19031,Route_North_1,NDLS-GZB,NDLS,GZB,44,33,63,45,41.8,0.74,Clear,Normal,2,47
2025-02-26,19031,Route_North_1,GZB-ALJN,GZB,ALJN,70,52,95,75,44.1,0.85,Clear,Normal,4,68
2025-02-26,19031,Route_North_1,ALJN-CNB,ALJN,CNB,93,69,123,118,45.2,0.95,Clear,Normal,6,86
2025-02-26,19031,Route_North_1,CNB-LKO,CNB,LKO,123,92,146,172,50.4,0.68,Clear,Normal,2,110
2025-02-27,12004,Route_North_1,NDLS-GZB,NDLS,GZB,44,33,35,0,74.4,0.64,Clear,Normal,8,47
2025-02-27,12004,Route_North_1,GZB-ALJN,GZB,ALJN,70,52,45,2,92.6,0.62,Clear,Normal,2,68
2025-02-27,12004,Route_North_1,ALJN-CNB,ALJN,CNB,93,69,66,0,83.9,0.12,Clear,Normal,9,86
2025-02-27,12004,Route_North_1,CNB-LKO,CNB,LKO,123,92,85,0,86.1,0.51,Heavy Rain,Normal,9,110
2025-02-27,12301,Route_North_1,NDLS-GZB,NDLS,GZB,44,33,35,27,74.6,0.58,Clear,Normal,9,47
2025-02-27,12301,Route_North_1,GZB-ALJN,GZB,ALJN,70,52,43,29,96.3,0.63,Clear,Normal,2,68
2025-02-27,12301,Route_North_1,ALJN-CNB,ALJN,CNB,93,69,64,20,86.9,0.62,Clear,Normal,9,86
2025-02-27,12301,Route_North_1,CNB-LKO,CNB,LKO,123,92,79,15,92.7,0.73,Clear,Normal,6,110
2025-02-27,14163,Route_North_1,NDLS-GZB,NDLS,GZB,44,33,50,0,52.1,0.89,Clear,Normal,7,47
2025-02-27,14163,Route_North_1,GZB-ALJN,GZB,ALJN,70,52,75,17,55.4,0.98,Clear,Normal,9,68
2025-02-27,14163,Route_North_1,ALJN-CNB,ALJN,CNB,93,69,84,40,65.9,0.36,Clear,Normal,8,86
2025-02-27,14163,Route_North_1,CNB-LKO,CNB,LKO,123,92,104,55,70.8,0.29,Clear,Normal,2,110
2025-02-27,19031,Route_North_1,NDLS-GZB,NDLS,GZB,44,33,65,7,40.5,0.52,Clear,Normal,8,47
2025-02-27,19031,Route_North_1,GZB-ALJN,GZB,ALJN,70,52,88,39,47.6,0.41,Clear,Normal,6,68
2025-02-27,19031,Route_North_1,ALJN-CNB,ALJN,CNB,93,69,122,75,45.5,0.87,Clear,Normal,7,86
2025-02-27,19031,Route_North_1,CNB-LKO,CNB,LKO,123,92,155,128,47.5,0.81,Clear,Normal,8,110
2025-02-28,12004,Route_North_1,NDLS-GZB,NDLS,GZB,44,33,32,0,81.2,0.19,Clear,Normal,5,47
2025-02-28,12004,Route_North_1,GZB-ALJN,GZB,ALJN,70,52,45,0,92.6,0.99,Clear,Normal,2,68
2025-02-28,12004,Route_North_1,ALJN-CNB,ALJN,CNB,93,69,66,0,83.9,0.35,Clear,Normal,9,86
2025-02-28,12004,Route_North_1,CNB-LKO,CNB,LKO,123,92,85,0,86.1,0.3,Clear,Normal,9,110
2025-02-28,12301,Route_North_1,NDLS-GZB,NDLS,GZB,44,33,32,0,81.5,0.42,Clear,Normal,6,47
2025-02-28,12301,Route_North_1,GZB-ALJN,GZB,ALJN,70,52,46,0,90.1,0.25,Clear,Normal,5,68
2025-02-28,12301,Route_North_1,ALJN-CNB,ALJN,CNB,93,69,63,0,88.3,0.88,Clear,Normal,8,86
2025-02-28,12301,Route_North_1,CNB-LKO,CNB,LKO,123,92,77,0,95.1,0.85,Clear,Normal,4,110
2025-02-28,14163,Route_North_1,NDLS-GZB,NDLS,GZB,44,33,44,37,59.1,0.55,Clear,Normal,7,47
2025-02-28,14163,Route_North_1,GZB-ALJN,GZB,ALJN,70,52,181,48,23.1,0.89,Clear,Loco Issue,8,68
2025-02-28,14163,Route_North_1,ALJN-CNB,ALJN,CNB,93,69,86,177,64.4,0.74,Clear,Normal,6,86
2025-02-28,14163,Route_North_1,CNB-LKO,CNB,LKO,123,92,116,194,63.5,0.75,Clear,Normal,9,110
2025-02-28,19031,Route_North_1,NDLS-GZB,NDLS,GZB,44,33,64,15,41.2,0.7,Clear,Normal,3,47
2025-02-28,19031,Route_North_1,GZB-ALJN,GZB,ALJN,70,52,93,46,45.0,0.86,Clear,Normal,2,68
2025-02-28,19031,Route_North_1,ALJN-CNB,ALJN,CNB,93,69,106,87,52.4,0.11,Clear,Normal,6,86
2025-02-28,19031,Route_North_1,CNB-LKO,CNB,LKO,123,92,146,124,50.4,0.54,Clear,Normal,5,110
2025-03-01,12004,Route_North_1,NDLS-GZB,NDLS,GZB,44,33,35,31,74.4,0.21,Clear,Normal,8,47
2025-03-01,12004,Route_North_1,GZB-ALJN,GZB,ALJN,70,52,49,33,85.1,0.21,Clear,Normal,6,68
2025-03-01,12004,Route_North_1,ALJN-CNB,ALJN,CNB,93,69,63,30,87.9,0.56,Clear,Normal,6,86
2025-03-01,12004,Route_North_1,CNB-LKO,CNB,LKO,123,92,81,24,90.4,0.68,Clear,Normal,5,110
2025-03-01,12301,Route_North_1,NDLS-GZB,NDLS,GZB,44,33,30,35,86.8,0.77,Clear,Normal,4,47
2025-03-01,12301,Route_North_1,GZB-ALJN,GZB,ALJN,70,52,48,32,86.4,0.27,Clear,Normal,7,68
2025-03-01,12301,Route_North_1,ALJN-CNB,ALJN,CNB,93,69,64,28,86.9,0.47,Clear,Normal,9,86
2025-03-01,12301,Route_North_1,CNB-LKO,CNB,LKO,123,92,82,23,89.3,0.97,Clear,Normal,9,110
2025-03-01,14163,Route_North_1,NDLS-GZB,NDLS,GZB,44,33,49,34,53.2,0.9,Clear,Normal,5,47
2025-03-01,14163,Route_North_1,GZB-ALJN,GZB,ALJN,70,52,70,50,59.3,0.82,Clear,Normal,7,68
2025-03-01,14163,Route_North_1,ALJN-CNB,ALJN,CNB,93,69,82,68,67.5,0.33,Clear,Normal,6,86
2025-03-01,14163,Route_North_1,CNB-LKO,CNB,LKO,123,92,108,81,68.2,0.34,Clear,Normal,6,110
2025-03-01,19031,Route_North_1,NDLS-GZB,NDLS,GZB,44,33,55,0,47.9,0.15,Clear,Normal,5,47
2025-03-01,19031,Route_North_1,GZB-ALJN,GZB,ALJN,70,52,92,22,45.5,0.51,Clear,Normal,8,68
2025-03-01,19031,Route_North_1,ALJN-CNB,ALJN,CNB,93,69,108,62,51.4,0.31,Clear,Normal,4,86
2025-03-01,19031,Route_North_1,CNB-LKO,CNB,LKO,123,92,139,101,52.9,0.29,Heavy Rain,Normal,3,110
2025-03-02,12004,Route_North_1,NDLS-GZB,NDLS,GZB,44,33,35,18,74.4,0.73,Heavy Rain,Normal,8,47
2025-03-02,12004,Route_North_1,GZB-ALJN,GZB,ALJN,70,52,51,20,81.8,0.64,Clear,Normal,8,68
2025-03-02,12004,Route_North_1,ALJN-CNB,ALJN,CNB,93,69,60,19,92.2,0.74,Clear,Normal,3,86
2025-03-02,12004,Route_North_1,CNB-LKO,CNB,LKO,123,92,84,10,87.2,0.28,Clear,Normal,8,110
2025-03-02,12301,Route_North_1,NDLS-GZB,NDLS,GZB,44,33,31,37,84.1,0.7,Clear,Normal,5,47
2025-03-02,12301,Route_North_1,GZB-ALJN,GZB,ALJN,70,52,46,35,90.1,0.15,Clear,Normal,5,68
2025-03-02,12301,Route_North_1,ALJN-CNB,ALJN,CNB,93,69,63,29,88.3,0.94,Clear,Normal,8,86
2025-03-02,12301,Route_North_1,CNB-LKO,CNB,LKO,123,92,75,23,97.6,0.5,Clear,Normal,2,110
2025-03-02,14163,Route_North_1,NDLS-GZB,NDLS,GZB,44,33,40,1,64.9,0.27,Clear,Normal,4,47
2025-03-02,14163,Route_North_1,GZB-ALJN,GZB,ALJN,70,52,70,8,59.3,0.82,Clear,Normal,7,68
2025-03-02,14163,Route_North_1,ALJN-CNB,ALJN,CNB,93,69,81,26,68.3,0.69,Clear,Normal,2,86
2025-03-02,14163,Route_North_1,CNB-LKO,CNB,LKO,123,92,112,38,65.8,0.61,Clear,Normal,8,110
2025-03-02,19031,Route_North_1,NDLS-GZB,NDLS,GZB,44,33,60,0,43.9,0.39,Clear,Normal,6,47
2025-03-02,19031,Route_North_1,GZB-ALJN,GZB,ALJN,70,52,94,27,44.5,0.8,Clear,Normal,4,68
2025-03-02,19031,Route_North_1,ALJN-CNB,ALJN,CNB,93,69,109,69,50.9,0.4,Clear,Normal,3,86
2025-03-02,19031,Route_North_1,CNB-LKO,CNB,LKO,123,92,139,109,52.9,0.34,Clear,Normal,2,110
2025-03-03,12004,Route_North_1,NDLS-GZB,NDLS,GZB,44,33,32,0,81.2,0.64,Clear,Normal,5,47
2025-03-03,12004,Route_North_1,GZB-ALJN,GZB,ALJN,70,52,46,0,90.6,0.35,Clear,Normal,3,68
2025-03-03,12004,Route_North_1,ALJN-CNB,ALJN,CNB,93,69,62,0,89.3,0.59,Clear,Normal,5,86
2025-03-03,12004,Route_North_1,CNB-LKO,CNB,LKO,123,92,80,0,91.5,0.38,Clear,Normal,4,110
2025-03-03,12301,Route_North_1,NDLS-GZB,NDLS,GZB,44,33,29,20,89.8,0.86,Clear,Normal,3,47
2025-03-03,12301,Route_North_1,GZB-ALJN,GZB,ALJN,70,52,50,16,83.0,0.94,Clear,Normal,9,68
2025-03-03,12301,Route_North_1,ALJN-CNB,ALJN,CNB,93,69,59,14,94.3,0.28,Clear,Normal,4,86
2025-03-03,12301,Route_North_1,CNB-LKO,CNB,LKO,123,92,82,4,89.3,0.64,Clear,Normal,9,110
2025-03-03,14163,Route_North_1,NDLS-GZB,NDLS,GZB,44,33,43,0,60.5,0.1,Clear,Normal,7,47
2025-03-03,14163,Route_North_1,GZB-ALJN,GZB,ALJN,70,52,65,10,63.9,0.78,Clear,Normal,3,68
2025-03-03,14163,Route_North_1,ALJN-CNB,ALJN,CNB,93,69,80,23,69.2,0.2,Clear,Normal,4,86
2025-03-03,14163,Route_North_1,CNB-LKO,CNB,LKO,123,92,184,34,40.1,0.7,Clear,Signal Failure,8,110
2025-03-03,19031,Route_North_1,NDLS-GZB,NDLS,GZB,44,33,73,0,36.1,0.91,Clear,Normal,8,47
2025-03-03,19031,Route_North_1,GZB-ALJN,GZB,ALJN,70,52,85,40,49.2,0.2,Clear,Normal,7,68
2025-03-03,19031,Route_North_1,ALJN-CNB,ALJN,CNB,93,69,108,73,51.4,0.41,Clear,Normal,2,86
2025-03-03,19031,Route_North_1,CNB-LKO,CNB,LKO,123,92,142,112,51.8,0.26,Clear,Normal,6,110
